nonlinear_cost,vpu_count,start_cycle,duration,sa_occupied_pct,vpu_occupied_pct,sa_queue_mean,vpu_queue_mean
1,1,0,1000000,0,100,0,476.638345
1,1,1000000,1000000,0,100,0,406.919045
1,1,2000000,1000000,0,100,0,337.199745
1,1,3000000,1000000,0,100,0,267.478748
1,1,4000000,1000000,0,100,0,197.757135
1,1,5000000,1000000,0,100,0,128.037835
1,1,6000000,1000000,0,100,0,58.318535
1,1,7000000,1000000,65.6384,34.3616,193455.746,3.9445
1,1,8000000,1000000,100,0,294271.585,0
1,1,9000000,1000000,100,0,293718.639,0
1,1,10000000,1000000,100,0,293165.696,0
1,1,11000000,1000000,100,0,292612.75,0
1,1,12000000,1000000,100,0,292059.807,0
1,1,13000000,1000000,100,0,291506.861,0
1,1,14000000,1000000,100,0,290953.917,0
1,1,15000000,1000000,100,0,290400.973,0
1,1,16000000,1000000,100,0,289848.028,0
1,1,17000000,1000000,100,0,289295.084,0
1,1,18000000,1000000,100,0,288742.139,0
1,1,19000000,1000000,100,0,288189.196,0
1,1,20000000,1000000,100,0,287636.25,0
1,1,21000000,1000000,100,0,287083.307,0
1,1,22000000,1000000,100,0,286530.361,0
1,1,23000000,1000000,100,0,285977.418,0
1,1,24000000,1000000,100,0,285424.472,0
1,1,25000000,1000000,100,0,284871.529,0
1,1,26000000,1000000,100,0,284318.583,0
1,1,27000000,1000000,100,0,283765.64,0
1,1,28000000,1000000,100,0,283212.695,0
1,1,29000000,1000000,100,0,282659.751,0
1,1,30000000,1000000,100,0,282106.806,0
1,1,31000000,1000000,100,0,281553.862,0
1,1,32000000,1000000,100,0,281000.917,0
1,1,33000000,1000000,100,0,280447.973,0
1,1,34000000,1000000,100,0,279895.029,0
1,1,35000000,1000000,100,0,279342.084,0
1,1,36000000,1000000,100,0,278789.14,0
1,1,37000000,1000000,100,0,278236.195,0
1,1,38000000,1000000,100,0,277683.252,0
1,1,39000000,1000000,100,0,277130.306,0
1,1,40000000,1000000,100,0,276577.363,0
1,1,41000000,1000000,100,0,276024.417,0
1,1,42000000,1000000,100,0,275471.474,0
1,1,43000000,1000000,100,0,274918.528,0
1,1,44000000,1000000,100,0,274365.585,0
1,1,45000000,1000000,100,0,273812.639,0
1,1,46000000,1000000,100,0,273259.696,0
1,1,47000000,1000000,100,0,272706.751,0
1,1,48000000,1000000,100,0,272153.807,0
1,1,49000000,1000000,100,0,271600.862,0
1,1,50000000,1000000,100,0,271047.918,0
1,1,51000000,1000000,100,0,270494.973,0
1,1,52000000,1000000,100,0,269942.029,0
1,1,53000000,1000000,100,0,269389.085,0
1,1,54000000,1000000,100,0,268836.14,0
1,1,55000000,1000000,100,0,268283.196,0
1,1,56000000,1000000,100,0,267730.251,0
1,1,57000000,1000000,100,0,267177.307,0
1,1,58000000,1000000,100,0,266624.362,0
1,1,59000000,1000000,100,0,266071.419,0
1,1,60000000,1000000,100,0,265518.473,0
1,1,61000000,1000000,100,0,264965.53,0
1,1,62000000,1000000,100,0,264412.584,0
1,1,63000000,1000000,100,0,263859.641,0
1,1,64000000,1000000,100,0,263306.695,0
1,1,65000000,1000000,100,0,262753.752,0
1,1,66000000,1000000,100,0,262200.807,0
1,1,67000000,1000000,100,0,261647.863,0
1,1,68000000,1000000,100,0,261094.918,0
1,1,69000000,1000000,100,0,260541.974,0
1,1,70000000,1000000,100,0,259989.029,0
1,1,71000000,1000000,100,0,259436.085,0
1,1,72000000,1000000,100,0,258883.141,0
1,1,73000000,1000000,100,0,258330.196,0
1,1,74000000,1000000,100,0,257777.252,0
1,1,75000000,1000000,100,0,257224.307,0
1,1,76000000,1000000,100,0,256671.363,0
1,1,77000000,1000000,100,0,256118.418,0
1,1,78000000,1000000,100,0,255565.475,0
1,1,79000000,1000000,100,0,255012.529,0
1,1,80000000,1000000,100,0,254459.586,0
1,1,81000000,1000000,100,0,253906.64,0
1,1,82000000,1000000,100,0,253353.697,0
1,1,83000000,1000000,100,0,252800.751,0
1,1,84000000,1000000,100,0,252247.808,0
1,1,85000000,1000000,100,0,251694.863,0
1,1,86000000,1000000,100,0,251141.919,0
1,1,87000000,1000000,100,0,250588.974,0
1,1,88000000,1000000,100,0,250036.03,0
1,1,89000000,1000000,100,0,249483.085,0
1,1,90000000,1000000,100,0,248930.14,0
1,1,91000000,1000000,100,0,248377.197,0
1,1,92000000,1000000,100,0,247824.251,0
1,1,93000000,1000000,100,0,247271.308,0
1,1,94000000,1000000,100,0,246718.362,0
1,1,95000000,1000000,100,0,246165.419,0
1,1,96000000,1000000,100,0,245612.473,0
1,1,97000000,1000000,100,0,245059.531,0
1,1,98000000,1000000,100,0,244506.584,0
1,1,99000000,1000000,100,0,243953.641,0
1,1,100000000,1000000,100,0,243400.696,0
1,1,101000000,1000000,100,0,242847.752,0
1,1,102000000,1000000,100,0,242294.807,0
1,1,103000000,1000000,100,0,241741.863,0
1,1,104000000,1000000,100,0,241188.919,0
1,1,105000000,1000000,100,0,240635.974,0
1,1,106000000,1000000,100,0,240083.03,0
1,1,107000000,1000000,100,0,239530.085,0
1,1,108000000,1000000,100,0,238977.141,0
1,1,109000000,1000000,100,0,238424.196,0
1,1,110000000,1000000,100,0,237871.253,0
1,1,111000000,1000000,100,0,237318.307,0
1,1,112000000,1000000,100,0,236765.364,0
1,1,113000000,1000000,100,0,236212.418,0
1,1,114000000,1000000,100,0,235659.475,0
1,1,115000000,1000000,100,0,235106.529,0
1,1,116000000,1000000,100,0,234553.586,0
1,1,117000000,1000000,100,0,234000.64,0
1,1,118000000,1000000,100,0,233447.697,0
1,1,119000000,1000000,100,0,232894.752,0
1,1,120000000,1000000,100,0,232341.808,0
1,1,121000000,1000000,100,0,231788.863,0
1,1,122000000,1000000,100,0,231235.919,0
1,1,123000000,1000000,100,0,230682.975,0
1,1,124000000,1000000,100,0,230130.03,0
1,1,125000000,1000000,100,0,229577.086,0
1,1,126000000,1000000,100,0,229024.141,0
1,1,127000000,1000000,100,0,228471.197,0
1,1,128000000,1000000,100,0,227918.252,0
1,1,129000000,1000000,100,0,227365.309,0
1,1,130000000,1000000,100,0,226812.363,0
1,1,131000000,1000000,100,0,226259.42,0
1,1,132000000,1000000,100,0,225706.474,0
1,1,133000000,1000000,100,0,225153.531,0
1,1,134000000,1000000,100,0,224600.585,0
1,1,135000000,1000000,100,0,224047.642,0
1,1,136000000,1000000,100,0,223494.696,0
1,1,137000000,1000000,100,0,222941.753,0
1,1,138000000,1000000,100,0,222388.808,0
1,1,139000000,1000000,100,0,221835.864,0
1,1,140000000,1000000,100,0,221282.919,0
1,1,141000000,1000000,100,0,220729.975,0
1,1,142000000,1000000,100,0,220177.03,0
1,1,143000000,1000000,100,0,219624.086,0
1,1,144000000,1000000,100,0,219071.142,0
1,1,145000000,1000000,100,0,218518.197,0
1,1,146000000,1000000,100,0,217965.253,0
1,1,147000000,1000000,100,0,217412.308,0
1,1,148000000,1000000,100,0,216859.365,0
1,1,149000000,1000000,100,0,216306.419,0
1,1,150000000,1000000,100,0,215753.476,0
1,1,151000000,1000000,100,0,215200.53,0
1,1,152000000,1000000,100,0,214647.587,0
1,1,153000000,1000000,100,0,214094.641,0
1,1,154000000,1000000,100,0,213541.698,0
1,1,155000000,1000000,100,0,212988.752,0
1,1,156000000,1000000,100,0,212435.809,0
1,1,157000000,1000000,100,0,211882.864,0
1,1,158000000,1000000,100,0,211329.92,0
1,1,159000000,1000000,100,0,210776.975,0
1,1,160000000,1000000,100,0,210224.031,0
1,1,161000000,1000000,100,0,209671.086,0
1,1,162000000,1000000,100,0,209118.142,0
1,1,163000000,1000000,100,0,208565.198,0
1,1,164000000,1000000,100,0,208012.253,0
1,1,165000000,1000000,100,0,207459.309,0
1,1,166000000,1000000,100,0,206906.363,0
1,1,167000000,1000000,100,0,206353.42,0
1,1,168000000,1000000,100,0,205800.474,0
1,1,169000000,1000000,100,0,205247.532,0
1,1,170000000,1000000,100,0,204694.586,0
1,1,171000000,1000000,100,0,204141.643,0
1,1,172000000,1000000,100,0,203588.697,0
1,1,173000000,1000000,100,0,203035.754,0
1,1,174000000,1000000,100,0,202482.808,0
1,1,175000000,1000000,100,0,201929.864,0
1,1,176000000,1000000,100,0,201376.92,0
1,1,177000000,1000000,100,0,200823.975,0
1,1,178000000,1000000,100,0,200271.031,0
1,1,179000000,1000000,100,0,199718.086,0
1,1,180000000,1000000,100,0,199165.142,0
1,1,181000000,1000000,100,0,198612.197,0
1,1,182000000,1000000,100,0,198059.254,0
1,1,183000000,1000000,100,0,197506.308,0
1,1,184000000,1000000,100,0,196953.365,0
1,1,185000000,1000000,100,0,196400.419,0
1,1,186000000,1000000,100,0,195847.476,0
1,1,187000000,1000000,100,0,195294.53,0
1,1,188000000,1000000,100,0,194741.587,0
1,1,189000000,1000000,100,0,194188.642,0
1,1,190000000,1000000,100,0,193635.698,0
1,1,191000000,1000000,100,0,193082.753,0
1,1,192000000,1000000,100,0,192529.809,0
1,1,193000000,1000000,100,0,191976.864,0
1,1,194000000,1000000,100,0,191423.92,0
1,1,195000000,1000000,100,0,190870.976,0
1,1,196000000,1000000,100,0,190318.031,0
1,1,197000000,1000000,100,0,189765.087,0
1,1,198000000,1000000,100,0,189212.142,0
1,1,199000000,1000000,100,0,188659.198,0
1,1,200000000,1000000,100,0,188106.253,0
1,1,201000000,1000000,100,0,187553.31,0
1,1,202000000,1000000,100,0,187000.364,0
1,1,203000000,1000000,100,0,186447.421,0
1,1,204000000,1000000,100,0,185894.475,0
1,1,205000000,1000000,100,0,185341.532,0
1,1,206000000,1000000,100,0,184788.586,0
1,1,207000000,1000000,100,0,184235.643,0
1,1,208000000,1000000,100,0,183682.698,0
1,1,209000000,1000000,100,0,183129.754,0
1,1,210000000,1000000,100,0,182576.809,0
1,1,211000000,1000000,100,0,182023.865,0
1,1,212000000,1000000,100,0,181470.92,0
1,1,213000000,1000000,100,0,180917.976,0
1,1,214000000,1000000,100,0,180365.032,0
1,1,215000000,1000000,100,0,179812.087,0
1,1,216000000,1000000,100,0,179259.143,0
1,1,217000000,1000000,100,0,178706.198,0
1,1,218000000,1000000,100,0,178153.254,0
1,1,219000000,1000000,100,0,177600.309,0
1,1,220000000,1000000,100,0,177047.366,0
1,1,221000000,1000000,100,0,176494.42,0
1,1,222000000,1000000,100,0,175941.477,0
1,1,223000000,1000000,100,0,175388.531,0
1,1,224000000,1000000,100,0,174835.588,0
1,1,225000000,1000000,100,0,174282.642,0
1,1,226000000,1000000,100,0,173729.699,0
1,1,227000000,1000000,100,0,173176.753,0
1,1,228000000,1000000,100,0,172623.81,0
1,1,229000000,1000000,100,0,172070.865,0
1,1,230000000,1000000,100,0,171517.921,0
1,1,231000000,1000000,100,0,170964.976,0
1,1,232000000,1000000,100,0,170412.032,0
1,1,233000000,1000000,100,0,169859.088,0
1,1,234000000,1000000,100,0,169306.143,0
1,1,235000000,1000000,100,0,168753.199,0
1,1,236000000,1000000,100,0,168200.254,0
1,1,237000000,1000000,100,0,167647.31,0
1,1,238000000,1000000,100,0,167094.365,0
1,1,239000000,1000000,100,0,166541.422,0
1,1,240000000,1000000,100,0,165988.476,0
1,1,241000000,1000000,100,0,165435.533,0
1,1,242000000,1000000,100,0,164882.587,0
1,1,243000000,1000000,100,0,164329.644,0
1,1,244000000,1000000,100,0,163776.698,0
1,1,245000000,1000000,100,0,163223.755,0
1,1,246000000,1000000,100,0,162670.809,0
1,1,247000000,1000000,100,0,162117.866,0
1,1,248000000,1000000,100,0,161564.921,0
1,1,249000000,1000000,100,0,161011.977,0
1,1,250000000,1000000,100,0,160459.032,0
1,1,251000000,1000000,100,0,159906.087,0
1,1,252000000,1000000,100,0,159353.143,0
1,1,253000000,1000000,100,0,158800.198,0
1,1,254000000,1000000,100,0,158247.255,0
1,1,255000000,1000000,100,0,157694.309,0
1,1,256000000,1000000,100,0,157141.366,0
1,1,257000000,1000000,100,0,156588.42,0
1,1,258000000,1000000,100,0,156035.478,0
1,1,259000000,1000000,100,0,155482.531,0
1,1,260000000,1000000,100,0,154929.588,0
1,1,261000000,1000000,100,0,154376.643,0
1,1,262000000,1000000,100,0,153823.699,0
1,1,263000000,1000000,100,0,153270.754,0
1,1,264000000,1000000,100,0,152717.81,0
1,1,265000000,1000000,100,0,152164.865,0
1,1,266000000,1000000,100,0,151611.921,0
1,1,267000000,1000000,100,0,151058.977,0
1,1,268000000,1000000,100,0,150506.032,0
1,1,269000000,1000000,100,0,149953.088,0
1,1,270000000,1000000,100,0,149400.143,0
1,1,271000000,1000000,100,0,148847.199,0
1,1,272000000,1000000,100,0,148294.254,0
1,1,273000000,1000000,100,0,147741.311,0
1,1,274000000,1000000,100,0,147188.365,0
1,1,275000000,1000000,100,0,146635.422,0
1,1,276000000,1000000,100,0,146082.476,0
1,1,277000000,1000000,100,0,145529.533,0
1,1,278000000,1000000,100,0,144976.587,0
1,1,279000000,1000000,100,0,144423.644,0
1,1,280000000,1000000,100,0,143870.699,0
1,1,281000000,1000000,100,0,143317.755,0
1,1,282000000,1000000,100,0,142764.81,0
1,1,283000000,1000000,100,0,142211.866,0
1,1,284000000,1000000,100,0,141658.921,0
1,1,285000000,1000000,100,0,141105.977,0
1,1,286000000,1000000,100,0,140553.033,0
1,1,287000000,1000000,100,0,140000.088,0
1,1,288000000,1000000,100,0,139447.144,0
1,1,289000000,1000000,100,0,138894.199,0
1,1,290000000,1000000,100,0,138341.255,0
1,1,291000000,1000000,100,0,137788.31,0
1,1,292000000,1000000,100,0,137235.367,0
1,1,293000000,1000000,100,0,136682.421,0
1,1,294000000,1000000,100,0,136129.478,0
1,1,295000000,1000000,100,0,135576.532,0
1,1,296000000,1000000,100,0,135023.589,0
1,1,297000000,1000000,100,0,134470.643,0
1,1,298000000,1000000,100,0,133917.7,0
1,1,299000000,1000000,100,0,133364.755,0
1,1,300000000,1000000,100,0,132811.811,0
1,1,301000000,1000000,100,0,132258.866,0
1,1,302000000,1000000,100,0,131705.922,0
1,1,303000000,1000000,100,0,131152.977,0
1,1,304000000,1000000,100,0,130600.033,0
1,1,305000000,1000000,100,0,130047.089,0
1,1,306000000,1000000,100,0,129494.144,0
1,1,307000000,1000000,100,0,128941.2,0
1,1,308000000,1000000,100,0,128388.255,0
1,1,309000000,1000000,100,0,127835.311,0
1,1,310000000,1000000,100,0,127282.366,0
1,1,311000000,1000000,100,0,126729.423,0
1,1,312000000,1000000,100,0,126176.477,0
1,1,313000000,1000000,100,0,125623.534,0
1,1,314000000,1000000,100,0,125070.588,0
1,1,315000000,1000000,100,0,124517.645,0
1,1,316000000,1000000,100,0,123964.699,0
1,1,317000000,1000000,100,0,123411.756,0
1,1,318000000,1000000,100,0,122858.811,0
1,1,319000000,1000000,100,0,122305.867,0
1,1,320000000,1000000,100,0,121752.922,0
1,1,321000000,1000000,100,0,121199.978,0
1,1,322000000,1000000,100,0,120647.033,0
1,1,323000000,1000000,100,0,120094.089,0
1,1,324000000,1000000,100,0,119541.145,0
1,1,325000000,1000000,100,0,118988.2,0
1,1,326000000,1000000,100,0,118435.256,0
1,1,327000000,1000000,100,0,117882.311,0
1,1,328000000,1000000,100,0,117329.367,0
1,1,329000000,1000000,100,0,116776.421,0
1,1,330000000,1000000,100,0,116223.479,0
1,1,331000000,1000000,100,0,115670.532,0
1,1,332000000,1000000,100,0,115117.59,0
1,1,333000000,1000000,100,0,114564.644,0
1,1,334000000,1000000,100,0,114011.701,0
1,1,335000000,1000000,100,0,113458.755,0
1,1,336000000,1000000,100,0,112905.811,0
1,1,337000000,1000000,100,0,112352.866,0
1,1,338000000,1000000,100,0,111799.922,0
1,1,339000000,1000000,100,0,111246.978,0
1,1,340000000,1000000,100,0,110694.033,0
1,1,341000000,1000000,100,0,110141.089,0
1,1,342000000,1000000,100,0,109588.144,0
1,1,343000000,1000000,100,0,109035.201,0
1,1,344000000,1000000,100,0,108482.255,0
1,1,345000000,1000000,100,0,107929.312,0
1,1,346000000,1000000,100,0,107376.366,0
1,1,347000000,1000000,100,0,106823.423,0
1,1,348000000,1000000,100,0,106270.477,0
1,1,349000000,1000000,100,0,105717.534,0
1,1,350000000,1000000,100,0,105164.588,0
1,1,351000000,1000000,100,0,104611.645,0
1,1,352000000,1000000,100,0,104058.7,0
1,1,353000000,1000000,100,0,103505.756,0
1,1,354000000,1000000,100,0,102952.811,0
1,1,355000000,1000000,100,0,102399.867,0
1,1,356000000,1000000,100,0,101846.922,0
1,1,357000000,1000000,100,0,101293.978,0
1,1,358000000,1000000,100,0,100741.034,0
1,1,359000000,1000000,100,0,100188.089,0
1,1,360000000,1000000,100,0,99635.1451,0
1,1,361000000,1000000,100,0,99082.2001,0
1,1,362000000,1000000,100,0,98529.2565,0
1,1,363000000,1000000,100,0,97976.3111,0
1,1,364000000,1000000,100,0,97423.3679,0
1,1,365000000,1000000,100,0,96870.422,0
1,1,366000000,1000000,100,0,96317.4792,0
1,1,367000000,1000000,100,0,95764.533,0
1,1,368000000,1000000,100,0,95211.5901,0
1,1,369000000,1000000,100,0,94658.6443,0
1,1,370000000,1000000,100,0,94105.7011,0
1,1,371000000,1000000,100,0,93552.7557,0
1,1,372000000,1000000,100,0,92999.812,0
1,1,373000000,1000000,100,0,92446.867,0
1,1,374000000,1000000,100,0,91893.923,0
1,1,375000000,1000000,100,0,91340.9784,0
1,1,376000000,1000000,100,0,90788.0339,0
1,1,377000000,1000000,100,0,90235.0897,0
1,1,378000000,1000000,100,0,89682.1449,0
1,1,379000000,1000000,100,0,89129.2011,0
1,1,380000000,1000000,100,0,88576.2559,0
1,1,381000000,1000000,100,0,88023.3125,0
1,1,382000000,1000000,100,0,87470.3668,0
1,1,383000000,1000000,100,0,86917.4238,0
1,1,384000000,1000000,100,0,86364.4778,0
1,1,385000000,1000000,100,0,85811.5349,0
1,1,386000000,1000000,100,0,85258.5889,0
1,1,387000000,1000000,100,0,84705.6459,0
1,1,388000000,1000000,100,0,84152.7003,0
1,1,389000000,1000000,100,0,83599.7568,0
1,1,390000000,1000000,100,0,83046.8116,0
1,1,391000000,1000000,100,0,82493.8678,0
1,1,392000000,1000000,100,0,81940.923,0
1,1,393000000,1000000,100,0,81387.9787,0
1,1,394000000,1000000,100,0,80835.0343,0
1,1,395000000,1000000,100,0,80282.0897,0
1,1,396000000,1000000,100,0,79729.1457,0
1,1,397000000,1000000,100,0,79176.2007,0
1,1,398000000,1000000,100,0,78623.2571,0
1,1,399000000,1000000,100,0,78070.3116,0
1,1,400000000,1000000,100,0,77517.3684,0
1,1,401000000,1000000,100,0,76964.4226,0
1,1,402000000,1000000,100,0,76411.4797,0
1,1,403000000,1000000,100,0,75858.5335,0
1,1,404000000,1000000,100,0,75305.5907,0
1,1,405000000,1000000,100,0,74752.6449,0
1,1,406000000,1000000,100,0,74199.7016,0
1,1,407000000,1000000,100,0,73646.7562,0
1,1,408000000,1000000,100,0,73093.8126,0
1,1,409000000,1000000,100,0,72540.8676,0
1,1,410000000,1000000,100,0,71987.9235,0
1,1,411000000,1000000,100,0,71434.9789,0
1,1,412000000,1000000,100,0,70882.0345,0
1,1,413000000,1000000,100,0,70329.0903,0
1,1,414000000,1000000,100,0,69776.1455,0
1,1,415000000,1000000,100,0,69223.2017,0
1,1,416000000,1000000,100,0,68670.2564,0
1,1,417000000,1000000,100,0,68117.313,0
1,1,418000000,1000000,100,0,67564.3674,0
1,1,419000000,1000000,100,0,67011.4244,0
1,1,420000000,1000000,100,0,66458.4783,0
1,1,421000000,1000000,100,0,65905.5355,0
1,1,422000000,1000000,100,82.9888,65352.5895,9227.42495
1,1,423000000,1000000,100,100,64799.6464,4026.2907
1,1,424000000,1000000,100,100,64246.7008,12809.3881
1,1,425000000,1000000,100,100,63693.7574,10489.9312
1,1,426000000,1000000,100,100,63140.8122,7892.52857
1,1,427000000,1000000,100,100,62587.8683,5295.126
1,1,428000000,1000000,100,100,62034.9235,2697.72334
1,1,429000000,1000000,100,53.8816,61481.9793,376.773084
1,1,430000000,1000000,100,0,60929.0349,0
1,1,431000000,1000000,100,0,60376.0903,0
1,1,432000000,1000000,100,0,59823.1463,0
1,1,433000000,1000000,100,0,59270.2012,0
1,1,434000000,1000000,100,0,58717.2576,0
1,1,435000000,1000000,100,0,58164.3122,0
1,1,436000000,1000000,100,0,57611.369,0
1,1,437000000,1000000,100,0,57058.4231,0
1,1,438000000,1000000,100,0,56505.4803,0
1,1,439000000,1000000,100,0,55952.5341,0
1,1,440000000,1000000,100,0,55399.5912,0
1,1,441000000,1000000,100,0,54846.6454,0
1,1,442000000,1000000,100,0,54293.7022,0
1,1,443000000,1000000,100,0,53740.7568,0
1,1,444000000,1000000,100,0,53187.8131,0
1,1,445000000,1000000,100,0,52634.8681,0
1,1,446000000,1000000,100,0,52081.9241,0
1,1,447000000,1000000,100,0,51528.9795,0
1,1,448000000,1000000,100,0,50976.0351,0
1,1,449000000,1000000,100,0,50423.0909,0
1,1,450000000,1000000,100,0,49870.146,0
1,1,451000000,1000000,100,0,49317.2022,0
1,1,452000000,1000000,100,0,48764.257,0
1,1,453000000,1000000,100,0,48211.3136,0
1,1,454000000,1000000,100,0,47658.3679,0
1,1,455000000,1000000,100,0,47105.4249,0
1,1,456000000,1000000,100,0,46552.4789,0
1,1,457000000,1000000,100,0,45999.536,0
1,1,458000000,1000000,100,0,45446.59,0
1,1,459000000,1000000,100,0,44893.647,0
1,1,460000000,1000000,100,0,44340.7014,0
1,1,461000000,1000000,100,0,43787.7579,0
1,1,462000000,1000000,100,0,43234.8127,0
1,1,463000000,1000000,100,0,42681.8689,0
1,1,464000000,1000000,100,0,42128.9241,0
1,1,465000000,1000000,100,0,41575.9799,0
1,1,466000000,1000000,100,0,41023.0355,0
1,1,467000000,1000000,100,0,40470.0908,0
1,1,468000000,1000000,100,0,39917.1468,0
1,1,469000000,1000000,100,0,39364.2018,0
1,1,470000000,1000000,100,0,38811.2582,0
1,1,471000000,1000000,100,0,38258.3127,0
1,1,472000000,1000000,100,0,37705.3695,0
1,1,473000000,1000000,100,0,37152.4237,0
1,1,474000000,1000000,100,0,36599.4808,0
1,1,475000000,1000000,100,0,36046.5346,0
1,1,476000000,1000000,100,0,35493.5918,0
1,1,477000000,1000000,100,0,34940.646,0
1,1,478000000,1000000,100,0,34387.7027,0
1,1,479000000,1000000,100,0,33834.7573,0
1,1,480000000,1000000,100,0,33281.8137,0
1,1,481000000,1000000,100,56.896,32728.8687,773.78498
1,1,482000000,1000000,100,48.3712,979568.535,303.624812
1,1,483000000,1000000,100,0,1866630.98,0
1,1,484000000,1000000,100,0,1866078.04,0
1,1,485000000,1000000,100,0,1865525.09,0
1,1,486000000,1000000,100,0,1864972.15,0
1,1,487000000,1000000,100,0,1864419.2,0
1,1,488000000,1000000,100,0,1863866.26,0
1,1,489000000,1000000,100,0,1863313.31,0
1,1,490000000,1000000,100,0,1862760.37,0
1,1,491000000,1000000,100,0,1862207.43,0
1,1,492000000,1000000,100,0,1861654.48,0
1,1,493000000,1000000,100,0,1861101.54,0
1,1,494000000,1000000,100,0,1860548.59,0
1,1,495000000,1000000,100,0,1859995.65,0
1,1,496000000,1000000,100,0,1859442.7,0
1,1,497000000,1000000,100,0,1858889.76,0
1,1,498000000,1000000,100,0,1858336.81,0
1,1,499000000,1000000,100,0,1857783.87,0
1,1,500000000,1000000,100,0,1857230.92,0
1,1,501000000,1000000,100,0,1856677.98,0
1,1,502000000,1000000,100,0,1856125.04,0
1,1,503000000,1000000,100,0,1855572.09,0
1,1,504000000,1000000,100,0,1855019.15,0
1,1,505000000,1000000,100,0,1854466.2,0
1,1,506000000,1000000,100,0,1853913.26,0
1,1,507000000,1000000,100,0,1853360.31,0
1,1,508000000,1000000,100,0,1852807.37,0
1,1,509000000,1000000,100,0,1852254.42,0
1,1,510000000,1000000,100,0,1851701.48,0
1,1,511000000,1000000,100,0,1851148.54,0
1,1,512000000,1000000,100,0,1850595.59,0
1,1,513000000,1000000,100,0,1850042.65,0
1,1,514000000,1000000,100,0,1849489.7,0
1,1,515000000,1000000,100,0,1848936.76,0
1,1,516000000,1000000,100,0,1848383.81,0
1,1,517000000,1000000,100,0,1847830.87,0
1,1,518000000,1000000,100,0,1847277.93,0
1,1,519000000,1000000,100,0,1846724.98,0
1,1,520000000,1000000,100,0,1846172.04,0
1,1,521000000,1000000,100,0,1845619.09,0
1,1,522000000,1000000,100,0,1845066.15,0
1,1,523000000,1000000,100,0,1844513.2,0
1,1,524000000,1000000,100,0,1843960.26,0
1,1,525000000,1000000,100,0,1843407.31,0
1,1,526000000,1000000,100,0,1842854.37,0
1,1,527000000,1000000,100,0,1842301.43,0
1,1,528000000,1000000,100,0,1841748.48,0
1,1,529000000,1000000,100,0,1841195.54,0
1,1,530000000,1000000,100,0,1840642.59,0
1,1,531000000,1000000,100,0,1840089.65,0
1,1,532000000,1000000,100,0,1839536.7,0
1,1,533000000,1000000,100,0,1838983.76,0
1,1,534000000,1000000,100,0,1838430.81,0
1,1,535000000,1000000,100,0,1837877.87,0
1,1,536000000,1000000,100,0,1837324.93,0
1,1,537000000,1000000,100,0,1836771.98,0
1,1,538000000,1000000,100,0,1836219.04,0
1,1,539000000,1000000,100,0,1835666.09,0
1,1,540000000,1000000,100,30.8032,1834551.84,274.694995
1,1,541000000,1000000,100,86.021,1826104.15,6.132924
1,1,542000000,1000000,100,69.5975,1815335.34,0
1,1,543000000,1000000,100,69.6423,1804465.77,0
1,1,544000000,1000000,100,69.6487,1793596.21,0
1,1,545000000,1000000,100,69.6487,1782726.64,0
1,1,546000000,1000000,100,69.6487,1771857.08,0
1,1,547000000,1000000,100,69.6487,1760987.51,0
1,1,548000000,1000000,100,69.6487,1750117.95,0
1,1,549000000,1000000,100,69.6487,1739248.38,0
1,1,550000000,1000000,100,69.6487,1728378.81,0
1,1,551000000,1000000,100,69.6487,1717509.25,0
1,1,552000000,1000000,100,69.6487,1706639.68,0
1,1,553000000,1000000,100,69.6487,1695770.12,0
1,1,554000000,1000000,100,69.6487,1684900.55,0
1,1,555000000,1000000,100,69.6487,1674030.99,0
1,1,556000000,1000000,100,69.6487,1663161.42,0
1,1,557000000,1000000,100,69.6046,1652291.86,0
1,1,558000000,1000000,100,69.5975,1641422.3,0
1,1,559000000,1000000,100,69.5975,1630552.73,0
1,1,560000000,1000000,100,69.5975,1619683.17,0
1,1,561000000,1000000,100,69.5975,1608813.6,0
1,1,562000000,1000000,100,69.5975,1597944.03,0
1,1,563000000,1000000,100,69.6359,1587074.47,0
1,1,564000000,1000000,100,69.6487,1576204.9,0
1,1,565000000,1000000,100,69.6487,1565335.34,0
1,1,566000000,1000000,100,69.6487,1554465.77,0
1,1,567000000,1000000,100,69.6487,1543596.21,0
1,1,568000000,1000000,100,69.6487,1532726.64,0
1,1,569000000,1000000,100,69.6487,1521857.08,0
1,1,570000000,1000000,100,69.6487,1510987.51,0
1,1,571000000,1000000,100,69.6487,1500117.94,0
1,1,572000000,1000000,100,69.6487,1489248.38,0
1,1,573000000,1000000,100,69.6487,1478378.81,0
1,1,574000000,1000000,100,69.6487,1467509.25,0
1,1,575000000,1000000,100,69.6487,1456639.68,0
1,1,576000000,1000000,100,69.6487,1445770.12,0
1,1,577000000,1000000,100,69.611,1434900.56,0
1,1,578000000,1000000,100,69.5975,1424030.99,0
1,1,579000000,1000000,100,69.5975,1413161.43,0
1,1,580000000,1000000,100,69.5975,1402291.86,0
1,1,581000000,1000000,100,69.5975,1391422.3,0
1,1,582000000,1000000,100,69.5975,1380552.73,0
1,1,583000000,1000000,100,69.6295,1369683.16,0
1,1,584000000,1000000,100,69.6487,1358813.6,0
1,1,585000000,1000000,100,69.6487,1347944.03,0
1,1,586000000,1000000,100,69.6487,1337074.47,0
1,1,587000000,1000000,100,69.6487,1326204.9,0
1,1,588000000,1000000,100,69.6487,1315335.34,0
1,1,589000000,1000000,100,69.6487,1304465.77,0
1,1,590000000,1000000,100,69.6487,1293596.21,0
1,1,591000000,1000000,100,69.6487,1282726.64,0
1,1,592000000,1000000,100,69.6487,1271857.07,0
1,1,593000000,1000000,100,69.6487,1260987.51,0
1,1,594000000,1000000,100,69.6487,1250117.94,0
1,1,595000000,1000000,100,69.6487,1239248.38,0
1,1,596000000,1000000,100,69.6487,1228378.81,0
1,1,597000000,1000000,100,69.6174,1217509.25,0
1,1,598000000,1000000,100,69.5975,1206639.69,0
1,1,599000000,1000000,100,69.5975,1195770.12,0
1,1,600000000,1000000,100,69.5975,1184900.56,0
1,1,601000000,1000000,100,69.5975,1174030.99,0
1,1,602000000,1000000,100,69.5975,1163161.43,0
1,1,603000000,1000000,100,69.6231,1152291.86,0
1,1,604000000,1000000,100,69.6487,1141422.29,0
1,1,605000000,1000000,100,69.6487,1130552.73,0
1,1,606000000,1000000,100,69.6487,1119683.16,0
1,1,607000000,1000000,100,69.6487,1108813.6,0
1,1,608000000,1000000,100,69.6487,1097944.03,0
1,1,609000000,1000000,100,69.6487,1087074.47,0
1,1,610000000,1000000,100,69.6487,1076204.9,0
1,1,611000000,1000000,100,69.6487,1065335.34,0
1,1,612000000,1000000,100,69.6487,1054465.77,0
1,1,613000000,1000000,100,69.6487,1043596.2,0
1,1,614000000,1000000,100,69.6487,1032726.64,0
1,1,615000000,1000000,100,69.6487,1021857.07,0
1,1,616000000,1000000,100,69.6487,1010987.51,0
1,1,617000000,1000000,100,69.6238,1000117.95,0
1,1,618000000,1000000,100,69.5975,989248.384,0
1,1,619000000,1000000,100,69.5975,978378.818,0
1,1,620000000,1000000,100,69.5975,967509.253,0
1,1,621000000,1000000,100,69.5975,956639.687,0
1,1,622000000,1000000,100,69.5975,945770.122,0
1,1,623000000,1000000,100,69.6167,934900.556,0
1,1,624000000,1000000,100,69.6487,924030.99,0
1,1,625000000,1000000,100,69.6487,913161.425,0
1,1,626000000,1000000,100,69.6487,902291.859,0
1,1,627000000,1000000,100,69.6487,891422.294,0
1,1,628000000,1000000,100,69.6487,880552.728,0
1,1,629000000,1000000,100,69.6487,869683.162,0
1,1,630000000,1000000,100,69.6487,858813.597,0
1,1,631000000,1000000,100,69.6487,847944.031,0
1,1,632000000,1000000,100,69.6487,837074.465,0
1,1,633000000,1000000,100,69.6487,826204.9,0
1,1,634000000,1000000,100,69.6487,815335.334,0
1,1,635000000,1000000,100,69.6487,804465.769,0
1,1,636000000,1000000,100,69.6487,793596.203,0
1,1,637000000,1000000,100,69.6302,782726.64,0
1,1,638000000,1000000,100,69.5975,771857.08,0
1,1,639000000,1000000,100,69.5975,760987.514,0
1,1,640000000,1000000,100,69.5975,750117.949,0
1,1,641000000,1000000,100,69.5975,739248.383,0
1,1,642000000,1000000,100,69.5975,728378.817,0
1,1,643000000,1000000,100,69.6103,717509.252,0
1,1,644000000,1000000,100,69.6487,706639.686,0
1,1,645000000,1000000,100,69.6487,695770.12,0
1,1,646000000,1000000,100,69.6487,684900.555,0
1,1,647000000,1000000,100,69.6487,674030.989,0
1,1,648000000,1000000,100,69.6487,663161.424,0
1,1,649000000,1000000,100,69.6487,652291.858,0
1,1,650000000,1000000,100,69.6487,641422.292,0
1,1,651000000,1000000,100,69.6487,630552.727,0
1,1,652000000,1000000,100,69.6487,619683.161,0
1,1,653000000,1000000,100,69.6487,608813.595,0
1,1,654000000,1000000,100,69.6487,597944.03,0
1,1,655000000,1000000,100,69.6487,587074.464,0
1,1,656000000,1000000,100,69.6487,576204.899,0
1,1,657000000,1000000,100,69.6366,565335.335,0
1,1,658000000,1000000,100,69.5975,554465.776,0
1,1,659000000,1000000,100,69.5975,543596.21,0
1,1,660000000,1000000,100,69.5975,532726.644,0
1,1,661000000,1000000,100,69.5975,521857.079,0
1,1,662000000,1000000,100,69.5975,510987.513,0
1,1,663000000,1000000,100,69.6039,500117.947,0
1,1,664000000,1000000,100,69.6487,489248.382,0
1,1,665000000,1000000,100,69.6487,478378.816,0
1,1,666000000,1000000,100,69.6487,467509.251,0
1,1,667000000,1000000,100,69.6487,456639.685,0
1,1,668000000,1000000,100,69.6487,445770.119,0
1,1,669000000,1000000,100,69.6487,434900.554,0
1,1,670000000,1000000,100,69.6487,424030.988,0
1,1,671000000,1000000,100,69.6487,413161.422,0
1,1,672000000,1000000,100,69.6487,402291.857,0
1,1,673000000,1000000,100,69.6487,391422.291,0
1,1,674000000,1000000,100,69.6487,380552.726,0
1,1,675000000,1000000,100,69.6487,369683.16,0
1,1,676000000,1000000,100,69.6487,358813.594,0
1,1,677000000,1000000,100,69.643,347944.03,0
1,1,678000000,1000000,100,69.5975,337074.471,0
1,1,679000000,1000000,100,69.5975,326204.906,0
1,1,680000000,1000000,100,69.5975,315335.34,0
1,1,681000000,1000000,100,69.5975,304465.774,0
1,1,682000000,1000000,100,69.5975,293596.209,0
1,1,683000000,1000000,100,69.5975,282726.643,0
1,1,684000000,1000000,100,69.6487,271857.077,0
1,1,685000000,1000000,100,69.6487,260987.512,0
1,1,686000000,1000000,100,69.6487,250117.946,0
1,1,687000000,1000000,100,69.6487,239248.381,0
1,1,688000000,1000000,100,29.2127,229951.915,0
1,1,689000000,1000000,100,0,227312.771,0
1,1,690000000,1000000,100,0,225420.623,0
1,1,691000000,1000000,100,0,223528.476,0
1,1,692000000,1000000,100,0,221636.328,0
1,1,693000000,1000000,100,0,219744.181,0
1,1,694000000,1000000,100,0,217852.033,0
1,1,695000000,1000000,100,0,215959.886,0
1,1,696000000,1000000,100,0,214067.738,0
1,1,697000000,1000000,100,0,212175.59,0
1,1,698000000,1000000,100,0,210283.443,0
1,1,699000000,1000000,100,0,208391.295,0
1,1,700000000,1000000,100,0,206499.148,0
1,1,701000000,1000000,100,0,204607,0
1,1,702000000,1000000,100,0,202714.852,0
1,1,703000000,1000000,100,0,200822.705,0
1,1,704000000,1000000,100,0,198930.557,0
1,1,705000000,1000000,100,0,197038.41,0
1,1,706000000,1000000,100,0,195146.262,0
1,1,707000000,1000000,100,0,193254.114,0
1,1,708000000,1000000,100,0,191361.967,0
1,1,709000000,1000000,100,0,189469.819,0
1,1,710000000,1000000,100,0,187577.672,0
1,1,711000000,1000000,100,0,185685.524,0
1,1,712000000,1000000,100,0,183793.377,0
1,1,713000000,1000000,100,0,181901.229,0
1,1,714000000,1000000,100,0,180009.081,0
1,1,715000000,1000000,100,0,178116.934,0
1,1,716000000,1000000,100,0,176224.786,0
1,1,717000000,1000000,100,0,174332.639,0
1,1,718000000,1000000,100,0,172440.491,0
1,1,719000000,1000000,100,0,170548.343,0
1,1,720000000,1000000,100,0,168656.196,0
1,1,721000000,1000000,100,0,166764.048,0
1,1,722000000,1000000,100,0,164871.901,0
1,1,723000000,1000000,100,0,162979.753,0
1,1,724000000,1000000,100,0,161087.606,0
1,1,725000000,1000000,100,0,159195.458,0
1,1,726000000,1000000,100,0,157303.31,0
1,1,727000000,1000000,100,0,155411.163,0
1,1,728000000,1000000,100,0,153519.015,0
1,1,729000000,1000000,100,0,151626.867,0
1,1,730000000,1000000,100,0,149734.72,0
1,1,731000000,1000000,100,0,147842.572,0
1,1,732000000,1000000,100,0,145950.425,0
1,1,733000000,1000000,100,0,144058.277,0
1,1,734000000,1000000,100,0,142166.13,0
1,1,735000000,1000000,100,0,140273.982,0
1,1,736000000,1000000,100,0,138381.834,0
1,1,737000000,1000000,100,0,136489.687,0
1,1,738000000,1000000,100,0,134597.539,0
1,1,739000000,1000000,100,0,132705.392,0
1,1,740000000,1000000,100,0,130813.244,0
1,1,741000000,1000000,100,0,128921.097,0
1,1,742000000,1000000,100,0,127028.949,0
1,1,743000000,1000000,100,0,125136.801,0
1,1,744000000,1000000,100,0,123244.654,0
1,1,745000000,1000000,100,0,121352.506,0
1,1,746000000,1000000,100,0,119460.359,0
1,1,747000000,1000000,100,0,117568.211,0
1,1,748000000,1000000,100,0,115676.063,0
1,1,749000000,1000000,100,0,113783.916,0
1,1,750000000,1000000,100,0,111891.768,0
1,1,751000000,1000000,100,0,109999.621,0
1,1,752000000,1000000,100,0,108107.473,0
1,1,753000000,1000000,100,0,106215.326,0
1,1,754000000,1000000,100,0,104323.178,0
1,1,755000000,1000000,100,0,102431.03,0
1,1,756000000,1000000,100,0,100538.883,0
1,1,757000000,1000000,100,0,98646.735,0
1,1,758000000,1000000,100,0,96754.5875,0
1,1,759000000,1000000,100,0,94862.4399,0
1,1,760000000,1000000,100,0,92970.2923,0
1,1,761000000,1000000,100,0,91078.1447,0
1,1,762000000,1000000,100,0,89185.9972,0
1,1,763000000,1000000,100,0,87293.8496,0
1,1,764000000,1000000,100,0,85401.702,0
1,1,765000000,1000000,100,0,83509.5544,0
1,1,766000000,1000000,100,0,81617.4069,0
1,1,767000000,1000000,100,0,79725.2593,0
1,1,768000000,1000000,100,0,77833.1117,0
1,1,769000000,1000000,100,0,75940.964,0
1,1,770000000,1000000,100,0,74048.8164,0
1,1,771000000,1000000,100,0,72156.6688,0
1,1,772000000,1000000,100,0,70264.5212,0
1,1,773000000,1000000,100,0,68372.3737,0
1,1,774000000,1000000,100,0,66480.2261,0
1,1,775000000,1000000,100,0,64588.0785,0
1,1,776000000,1000000,100,0,62695.9309,0
1,1,777000000,1000000,100,0,60803.7834,0
1,1,778000000,1000000,100,0,58911.6358,0
1,1,779000000,1000000,100,0,57019.4882,0
1,1,780000000,1000000,100,0,55127.3406,0
1,1,781000000,1000000,100,0,53235.1931,0
1,1,782000000,1000000,100,0,51343.0455,0
1,1,783000000,1000000,100,0,49450.8978,0
1,1,784000000,1000000,100,0,47558.7502,0
1,1,785000000,1000000,100,0,45666.6026,0
1,1,786000000,1000000,100,0,43774.455,0
1,1,787000000,1000000,100,0,41882.3075,0
1,1,788000000,1000000,100,0,39990.1599,0
1,1,789000000,1000000,100,0,38098.0123,0
1,1,790000000,1000000,100,0,36205.8647,0
1,1,791000000,1000000,100,0,34313.7171,0
1,1,792000000,1000000,100,0,32421.5696,0
1,1,793000000,1000000,100,0,30529.422,0
1,1,794000000,1000000,100,0,28637.2744,0
1,1,795000000,1000000,100,0,26745.1268,0
1,1,796000000,1000000,100,0,24852.9792,0
1,1,797000000,1000000,100,0,22960.8315,0
1,1,798000000,1000000,100,0,21068.684,0
1,1,799000000,1000000,100,0,19176.5364,0
1,1,800000000,1000000,100,0,17284.3888,0
1,1,801000000,1000000,100,0,15392.2412,0
1,1,802000000,1000000,100,0,13500.0937,0
1,1,803000000,1000000,100,0,11607.9461,0
1,1,804000000,1000000,100,0,9715.7985,0
1,1,805000000,1000000,100,0,7823.65093,0
1,1,806000000,1000000,100,0,5931.50335,0
1,1,807000000,1000000,100,0,4039.35577,0
1,1,808000000,1000000,100,0,2147.2082,0
1,1,809000000,1000000,100,0,83991.1122,0
1,1,810000000,1000000,100,0,228896.884,0
1,1,811000000,1000000,100,0,228343.94,0
1,1,812000000,1000000,100,0,227790.996,0
1,1,813000000,1000000,100,0,227238.051,0
1,1,814000000,1000000,100,0,226685.107,0
1,1,815000000,1000000,100,0,226132.162,0
1,1,816000000,1000000,100,0,225579.218,0
1,1,817000000,1000000,100,0,225026.273,0
1,1,818000000,1000000,100,0,224473.33,0
1,1,819000000,1000000,100,0,223920.384,0
1,1,820000000,1000000,100,0,223367.441,0
1,1,821000000,1000000,100,0,222814.495,0
1,1,822000000,1000000,100,0,222261.552,0
1,1,823000000,1000000,100,0,221708.606,0
1,1,824000000,1000000,100,0,221155.663,0
1,1,825000000,1000000,100,0,220602.717,0
1,1,826000000,1000000,100,0,220049.774,0
1,1,827000000,1000000,100,0,219496.829,0
1,1,828000000,1000000,100,0,218943.885,0
1,1,829000000,1000000,100,0,218390.94,0
1,1,830000000,1000000,100,0,217837.996,0
1,1,831000000,1000000,100,0,217285.052,0
1,1,832000000,1000000,100,0,216732.107,0
1,1,833000000,1000000,100,0,216179.163,0
1,1,834000000,1000000,100,0,215626.218,0
1,1,835000000,1000000,100,0,215073.274,0
1,1,836000000,1000000,100,0,214520.329,0
1,1,837000000,1000000,100,0,213967.386,0
1,1,838000000,1000000,100,0,213414.44,0
1,1,839000000,1000000,100,0,212861.497,0
1,1,840000000,1000000,100,0,212308.551,0
1,1,841000000,1000000,100,0,211755.608,0
1,1,842000000,1000000,100,0,211202.662,0
1,1,843000000,1000000,100,0,210649.719,0
1,1,844000000,1000000,100,0,210096.773,0
1,1,845000000,1000000,100,0,209543.83,0
1,1,846000000,1000000,100,0,208990.885,0
1,1,847000000,1000000,100,0,208437.941,0
1,1,848000000,1000000,100,0,207884.996,0
1,1,849000000,1000000,100,0,207332.052,0
1,1,850000000,1000000,100,0,206779.107,0
1,1,851000000,1000000,100,0,206226.163,0
1,1,852000000,1000000,100,0,205673.219,0
1,1,853000000,1000000,100,0,205120.274,0
1,1,854000000,1000000,100,0,204567.33,0
1,1,855000000,1000000,100,0,204014.384,0
1,1,856000000,1000000,100,0,203461.442,0
1,1,857000000,1000000,100,0,202908.495,0
1,1,858000000,1000000,100,0,202355.553,0
1,1,859000000,1000000,100,0,201802.607,0
1,1,860000000,1000000,100,0,201249.664,0
1,1,861000000,1000000,100,0,200696.718,0
1,1,862000000,1000000,100,0,200143.775,0
1,1,863000000,1000000,100,0,199590.829,0
1,1,864000000,1000000,100,0,199037.885,0
1,1,865000000,1000000,100,0,198484.941,0
1,1,866000000,1000000,100,0,197931.996,0
1,1,867000000,1000000,100,0,197379.052,0
1,1,868000000,1000000,100,0,196826.107,0
1,1,869000000,1000000,100,0,196273.163,0
1,1,870000000,1000000,100,0,195720.218,0
1,1,871000000,1000000,100,0,195167.275,0
1,1,872000000,1000000,100,0,194614.329,0
1,1,873000000,1000000,100,0,194061.386,0
1,1,874000000,1000000,100,0,193508.44,0
1,1,875000000,1000000,100,0,192955.497,0
1,1,876000000,1000000,100,0,192402.551,0
1,1,877000000,1000000,100,0,191849.608,0
1,1,878000000,1000000,100,0,191296.663,0
1,1,879000000,1000000,100,0,190743.719,0
1,1,880000000,1000000,100,0,190190.774,0
1,1,881000000,1000000,100,0,189637.83,0
1,1,882000000,1000000,100,0,189084.885,0
1,1,883000000,1000000,100,0,188531.941,0
1,1,884000000,1000000,100,0,187978.997,0
1,1,885000000,1000000,100,0,187426.052,0
1,1,886000000,1000000,100,0,186873.108,0
1,1,887000000,1000000,100,0,186320.163,0
1,1,888000000,1000000,100,0,185767.219,0
1,1,889000000,1000000,100,0,185214.274,0
1,1,890000000,1000000,100,0,184661.331,0
1,1,891000000,1000000,100,0,184108.385,0
1,1,892000000,1000000,100,0,183555.442,0
1,1,893000000,1000000,100,0,183002.496,0
1,1,894000000,1000000,100,0,182449.553,0
1,1,895000000,1000000,100,0,181896.607,0
1,1,896000000,1000000,100,0,181343.664,0
1,1,897000000,1000000,100,0,180790.719,0
1,1,898000000,1000000,100,0,180237.775,0
1,1,899000000,1000000,100,0,179684.83,0
1,1,900000000,1000000,100,0,179131.886,0
1,1,901000000,1000000,100,0,178578.941,0
1,1,902000000,1000000,100,0,178025.997,0
1,1,903000000,1000000,100,0,177473.053,0
1,1,904000000,1000000,100,0,176920.108,0
1,1,905000000,1000000,100,0,176367.164,0
1,1,906000000,1000000,100,0,175814.219,0
1,1,907000000,1000000,100,0,175261.275,0
1,1,908000000,1000000,100,0,174708.33,0
1,1,909000000,1000000,100,0,174155.387,0
1,1,910000000,1000000,100,0,173602.441,0
1,1,911000000,1000000,100,0,173049.498,0
1,1,912000000,1000000,100,0,172496.552,0
1,1,913000000,1000000,100,0,171943.609,0
1,1,914000000,1000000,100,0,171390.663,0
1,1,915000000,1000000,100,0,170837.72,0
1,1,916000000,1000000,100,0,170284.775,0
1,1,917000000,1000000,100,0,169731.831,0
1,1,918000000,1000000,100,0,169178.886,0
1,1,919000000,1000000,100,0,168625.942,0
1,1,920000000,1000000,100,0,168072.997,0
1,1,921000000,1000000,100,0,167520.053,0
1,1,922000000,1000000,100,0,166967.109,0
1,1,923000000,1000000,100,0,166414.164,0
1,1,924000000,1000000,100,0,165861.22,0
1,1,925000000,1000000,100,0,165308.275,0
1,1,926000000,1000000,100,0,164755.331,0
1,1,927000000,1000000,100,0,164202.386,0
1,1,928000000,1000000,100,0,163649.443,0
1,1,929000000,1000000,100,0,163096.497,0
1,1,930000000,1000000,100,0,162543.554,0
1,1,931000000,1000000,100,0,161990.608,0
1,1,932000000,1000000,100,0,161437.665,0
1,1,933000000,1000000,100,0,160884.719,0
1,1,934000000,1000000,100,0,160331.776,0
1,1,935000000,1000000,100,0,159778.83,0
1,1,936000000,1000000,100,0,159225.887,0
1,1,937000000,1000000,100,0,158672.942,0
1,1,938000000,1000000,100,0,158119.998,0
1,1,939000000,1000000,100,0,157567.053,0
1,1,940000000,1000000,100,0,157014.108,0
1,1,941000000,1000000,100,0,156461.165,0
1,1,942000000,1000000,100,0,155908.219,0
1,1,943000000,1000000,100,0,155355.276,0
1,1,944000000,1000000,100,0,154802.33,0
1,1,945000000,1000000,100,0,154249.387,0
1,1,946000000,1000000,100,0,153696.441,0
1,1,947000000,1000000,100,0,153143.499,0
1,1,948000000,1000000,100,0,152590.552,0
1,1,949000000,1000000,100,0,152037.609,0
1,1,950000000,1000000,100,0,151484.664,0
1,1,951000000,1000000,100,0,150931.72,0
1,1,952000000,1000000,100,0,150378.775,0
1,1,953000000,1000000,100,0,149825.831,0
1,1,954000000,1000000,100,0,149272.886,0
1,1,955000000,1000000,100,0,148719.942,0
1,1,956000000,1000000,100,0,148166.998,0
1,1,957000000,1000000,100,0,147614.053,0
1,1,958000000,1000000,100,0,147061.109,0
1,1,959000000,1000000,100,0,146508.164,0
1,1,960000000,1000000,100,0,145955.22,0
1,1,961000000,1000000,100,0,145402.275,0
1,1,962000000,1000000,100,0,144849.332,0
1,1,963000000,1000000,100,0,144296.386,0
1,1,964000000,1000000,100,0,143743.443,0
1,1,965000000,1000000,100,0,143190.497,0
1,1,966000000,1000000,100,0,142637.554,0
1,1,967000000,1000000,100,0,142084.608,0
1,1,968000000,1000000,100,0,141531.665,0
1,1,969000000,1000000,100,0,140978.72,0
1,1,970000000,1000000,100,0,140425.776,0
1,1,971000000,1000000,100,0,139872.831,0
1,1,972000000,1000000,100,0,139319.887,0
1,1,973000000,1000000,100,0,138766.942,0
1,1,974000000,1000000,100,0,138213.998,0
1,1,975000000,1000000,100,0,137661.054,0
1,1,976000000,1000000,100,0,137108.109,0
1,1,977000000,1000000,100,0,136555.165,0
1,1,978000000,1000000,100,0,136002.22,0
1,1,979000000,1000000,100,0,135449.276,0
1,1,980000000,1000000,100,0,134896.331,0
1,1,981000000,1000000,100,0,134343.388,0
1,1,982000000,1000000,100,0,133790.442,0
1,1,983000000,1000000,100,0,133237.499,0
1,1,984000000,1000000,100,0,132684.553,0
1,1,985000000,1000000,100,0,132131.61,0
1,1,986000000,1000000,100,0,131578.664,0
1,1,987000000,1000000,100,0,131025.721,0
1,1,988000000,1000000,100,0,130472.776,0
1,1,989000000,1000000,100,0,129919.832,0
1,1,990000000,1000000,100,0,129366.887,0
1,1,991000000,1000000,100,0,128813.943,0
1,1,992000000,1000000,100,0,128260.998,0
1,1,993000000,1000000,100,0,127708.054,0
1,1,994000000,1000000,100,0,127155.11,0
1,1,995000000,1000000,100,0,126602.165,0
1,1,996000000,1000000,100,0,126049.221,0
1,1,997000000,1000000,100,0,125496.276,0
1,1,998000000,1000000,100,0,124943.332,0
1,1,999000000,1000000,100,0,124390.387,0
1,1,1000000000,1000000,100,0,123837.444,0
1,1,1001000000,1000000,100,0,123284.498,0
1,1,1002000000,1000000,100,0,122731.555,0
1,1,1003000000,1000000,100,0,122178.609,0
1,1,1004000000,1000000,100,0,121625.666,0
1,1,1005000000,1000000,100,0,121072.72,0
1,1,1006000000,1000000,100,0,120519.777,0
1,1,1007000000,1000000,100,0,119966.832,0
1,1,1008000000,1000000,100,0,119413.888,0
1,1,1009000000,1000000,100,0,118860.943,0
1,1,1010000000,1000000,100,0,118307.999,0
1,1,1011000000,1000000,100,0,117755.054,0
1,1,1012000000,1000000,100,0,117202.11,0
1,1,1013000000,1000000,100,0,116649.166,0
1,1,1014000000,1000000,100,0,116096.221,0
1,1,1015000000,1000000,100,0,115543.277,0
1,1,1016000000,1000000,100,0,114990.331,0
1,1,1017000000,1000000,100,0,114437.388,0
1,1,1018000000,1000000,100,0,113884.442,0
1,1,1019000000,1000000,100,0,113331.5,0
1,1,1020000000,1000000,100,0,112778.553,0
1,1,1021000000,1000000,100,0,112225.611,0
1,1,1022000000,1000000,100,0,111672.665,0
1,1,1023000000,1000000,100,0,111119.722,0
1,1,1024000000,1000000,100,0,110566.776,0
1,1,1025000000,1000000,100,0,110013.832,0
1,1,1026000000,1000000,100,0,109460.888,0
1,1,1027000000,1000000,100,0,108907.943,0
1,1,1028000000,1000000,100,0,108354.999,0
1,1,1029000000,1000000,100,0,107802.054,0
1,1,1030000000,1000000,100,0,107249.11,0
1,1,1031000000,1000000,100,0,106696.165,0
1,1,1032000000,1000000,100,0,106143.222,0
1,1,1033000000,1000000,100,0,105590.276,0
1,1,1034000000,1000000,100,0,105037.333,0
1,1,1035000000,1000000,100,0,104484.387,0
1,1,1036000000,1000000,100,0,103931.444,0
1,1,1037000000,1000000,100,0,103378.498,0
1,1,1038000000,1000000,100,0,102825.555,0
1,1,1039000000,1000000,100,0,102272.609,0
1,1,1040000000,1000000,100,0,101719.666,0
1,1,1041000000,1000000,100,0,101166.721,0
1,1,1042000000,1000000,100,0,100613.777,0
1,1,1043000000,1000000,100,0,100060.832,0
1,1,1044000000,1000000,100,0,99507.8882,0
1,1,1045000000,1000000,100,0,98954.9435,0
1,1,1046000000,1000000,100,0,98401.9992,0
1,1,1047000000,1000000,100,0,97849.0548,0
1,1,1048000000,1000000,100,0,97296.1101,0
1,1,1049000000,1000000,100,0,96743.1662,0
1,1,1050000000,1000000,100,0,96190.2211,0
1,1,1051000000,1000000,100,0,95637.2776,0
1,1,1052000000,1000000,100,0,95084.332,0
1,1,1053000000,1000000,100,0,94531.3889,0
1,1,1054000000,1000000,100,0,93978.443,0
1,1,1055000000,1000000,100,0,93425.5002,0
1,1,1056000000,1000000,100,0,92872.554,0
1,1,1057000000,1000000,100,0,92319.6111,0
1,1,1058000000,1000000,100,0,91766.6654,0
1,1,1059000000,1000000,100,0,91213.7221,0
1,1,1060000000,1000000,100,0,90660.7767,0
1,1,1061000000,1000000,100,0,90107.833,0
1,1,1062000000,1000000,100,0,89554.8881,0
1,1,1063000000,1000000,100,0,89001.944,0
1,1,1064000000,1000000,100,0,88448.9994,0
1,1,1065000000,1000000,100,0,87896.0549,0
1,1,1066000000,1000000,100,0,87343.1108,0
1,1,1067000000,1000000,100,0,86790.1659,0
1,1,1068000000,1000000,100,0,86237.2222,0
1,1,1069000000,1000000,100,0,85684.2768,0
1,1,1070000000,1000000,100,0,85131.3335,0
1,1,1071000000,1000000,100,0,84578.3878,0
1,1,1072000000,1000000,100,0,84025.4449,0
1,1,1073000000,1000000,100,0,83472.4987,0
1,1,1074000000,1000000,100,0,82919.5559,0
1,1,1075000000,1000000,100,0,82366.61,0
1,1,1076000000,1000000,100,0,81813.6669,0
1,1,1077000000,1000000,100,0,81260.7213,0
1,1,1078000000,1000000,100,0,80707.7778,0
1,1,1079000000,1000000,100,0,80154.8327,0
1,1,1080000000,1000000,100,0,79601.8888,0
1,1,1081000000,1000000,100,0,79048.944,0
1,1,1082000000,1000000,100,0,78495.9997,0
1,1,1083000000,1000000,100,0,77943.0554,0
1,1,1084000000,1000000,100,0,77390.1107,0
1,1,1085000000,1000000,100,0,76837.1668,0
1,1,1086000000,1000000,100,0,76284.2216,0
1,1,1087000000,1000000,100,0,75731.2781,0
1,1,1088000000,1000000,100,0,75178.3326,0
1,1,1089000000,1000000,100,0,74625.3895,0
1,1,1090000000,1000000,100,0,74072.4435,0
1,1,1091000000,1000000,100,0,73519.5007,0
1,1,1092000000,1000000,100,0,72966.5546,0
1,1,1093000000,1000000,100,0,72413.6117,0
1,1,1094000000,1000000,100,0,71860.6659,0
1,1,1095000000,1000000,100,0,71307.7226,0
1,1,1096000000,1000000,100,0,70754.7773,0
1,1,1097000000,1000000,100,0,70201.8336,0
1,1,1098000000,1000000,100,0,69648.8886,0
1,1,1099000000,1000000,100,0,69095.9445,0
1,1,1100000000,1000000,100,0,68543,0
1,1,1101000000,1000000,100,0,67990.0555,0
1,1,1102000000,1000000,100,0,67437.1114,0
1,1,1103000000,1000000,100,0,66884.1664,0
1,1,1104000000,1000000,100,0,66331.2227,0
1,1,1105000000,1000000,100,0,65778.2774,0
1,1,1106000000,1000000,100,0,65225.3341,0
1,1,1107000000,1000000,100,0,64672.3883,0
1,1,1108000000,1000000,100,0,64119.4454,0
1,1,1109000000,1000000,100,0,63566.4993,0
1,1,1110000000,1000000,100,0,63013.5565,0
1,1,1111000000,1000000,100,0,62460.6105,0
1,1,1112000000,1000000,100,0,61907.6674,0
1,1,1113000000,1000000,100,0,61354.7219,0
1,1,1114000000,1000000,100,0,60801.7784,0
1,1,1115000000,1000000,100,0,60248.8332,0
1,1,1116000000,1000000,100,0,59695.8893,0
1,1,1117000000,1000000,100,0,59142.9446,0
1,1,1118000000,1000000,100,0,58590.0003,0
1,1,1119000000,1000000,100,0,58037.056,0
1,1,1120000000,1000000,100,0,57484.1112,0
1,1,1121000000,1000000,100,0,56931.1673,0
1,1,1122000000,1000000,100,0,56378.2222,0
1,1,1123000000,1000000,100,0,55825.2787,0
1,1,1124000000,1000000,100,0,55272.3331,0
1,1,1125000000,1000000,100,0,54719.39,0
1,1,1126000000,1000000,100,0,54166.4441,0
1,1,1127000000,1000000,100,0,53613.5013,0
1,1,1128000000,1000000,100,0,53060.5551,0
1,1,1129000000,1000000,100,0,52507.6122,0
1,1,1130000000,1000000,100,0,51954.6665,0
1,1,1131000000,1000000,100,0,51401.7232,0
1,1,1132000000,1000000,100,0,50848.7778,0
1,1,1133000000,1000000,100,0,50295.8341,0
1,1,1134000000,1000000,100,0,49742.8892,0
1,1,1135000000,1000000,100,0,49189.9451,0
1,1,1136000000,1000000,100,0,48637.0006,0
1,1,1137000000,1000000,100,0,48084.056,0
1,1,1138000000,1000000,100,0,47531.1119,0
1,1,1139000000,1000000,100,0,46978.167,0
1,1,1140000000,1000000,100,0,46425.2233,0
1,1,1141000000,1000000,100,0,45872.2779,0
1,1,1142000000,1000000,100,0,45319.3346,0
1,1,1143000000,1000000,100,0,44766.3889,0
1,1,1144000000,1000000,100,0,44213.446,0
1,1,1145000000,1000000,100,0,43660.4998,0
1,1,1146000000,1000000,100,0,43107.557,0
1,1,1147000000,1000000,100,0,42554.6111,0
1,1,1148000000,1000000,100,0,42001.668,0
1,1,1149000000,1000000,100,0,41448.7224,0
1,1,1150000000,1000000,100,0,40895.7789,0
1,1,1151000000,1000000,100,0,40342.8338,0
1,1,1152000000,1000000,100,0,39789.8899,0
1,1,1153000000,1000000,100,0,39236.9452,0
1,1,1154000000,1000000,100,0,38684.0008,0
1,1,1155000000,1000000,100,0,38131.0565,0
1,1,1156000000,1000000,100,0,37578.1118,0
1,1,1157000000,1000000,100,0,37025.1679,0
1,1,1158000000,1000000,100,0,36472.2227,0
1,1,1159000000,1000000,100,0,35919.2792,0
1,1,1160000000,1000000,100,0,35366.3337,0
1,1,1161000000,1000000,100,0,34813.3906,0
1,1,1162000000,1000000,100,0,34260.4446,0
1,1,1163000000,1000000,100,0,33707.5018,0
1,1,1164000000,1000000,100,0,33154.5557,0
1,1,1165000000,1000000,100,0,32601.6128,0
1,1,1166000000,1000000,100,0,32048.667,0
1,1,1167000000,1000000,100,0,31495.7237,0
1,1,1168000000,1000000,100,0,30942.7784,0
1,1,1169000000,1000000,100,0,30389.8347,0
1,1,1170000000,1000000,100,0,29836.8898,0
1,1,1171000000,1000000,100,0,29283.9456,0
1,1,1172000000,1000000,100,0,28731.0011,0
1,1,1173000000,1000000,100,0,28178.0566,0
1,1,1174000000,1000000,100,0,27625.1125,0
1,1,1175000000,1000000,100,0,27072.1675,0
1,1,1176000000,1000000,100,0,26519.2238,0
1,1,1177000000,1000000,100,0,25966.2785,0
1,1,1178000000,1000000,100,0,25413.3352,0
1,1,1179000000,1000000,100,0,24860.3894,0
1,1,1180000000,1000000,100,0,24307.4465,0
1,1,1181000000,1000000,100,0,23754.5004,0
1,1,1182000000,1000000,100,0,23201.5576,0
1,1,1183000000,1000000,100,0,22648.6116,0
1,1,1184000000,1000000,100,0,22095.6685,0
1,1,1185000000,1000000,100,0,21542.723,0
1,1,1186000000,1000000,100,0,20989.7795,0
1,1,1187000000,1000000,100,0,20436.8344,0
1,1,1188000000,1000000,100,0,19883.8904,0
1,1,1189000000,1000000,100,0,19330.9457,0
1,1,1190000000,1000000,100,0,18778.0014,0
1,1,1191000000,1000000,100,0,18225.0571,0
1,1,1192000000,1000000,100,0,17672.1123,0
1,1,1193000000,1000000,100,0,17119.1684,0
1,1,1194000000,1000000,100,0,16566.2233,0
1,1,1195000000,1000000,100,0,16013.2798,0
1,1,1196000000,1000000,100,0,15460.3342,0
1,1,1197000000,1000000,100,0,14907.3911,0
1,1,1198000000,1000000,100,0,14354.4452,0
1,1,1199000000,1000000,100,0,13801.5024,0
1,1,1200000000,1000000,100,0,13248.5562,0
1,1,1201000000,1000000,100,0,12695.6133,0
1,1,1202000000,1000000,100,0,12142.6676,0
1,1,1203000000,1000000,100,0,11589.7243,0
1,1,1204000000,1000000,100,0,11036.779,0
1,1,1205000000,1000000,100,0,10483.8352,0
1,1,1206000000,1000000,100,0,9930.89031,0
1,1,1207000000,1000000,100,0,9377.94618,0
1,1,1208000000,1000000,100,0,8825.00166,0
1,1,1209000000,1000000,100,0,8272.05713,0
1,1,1210000000,1000000,100,0,7719.11302,0
1,1,1211000000,1000000,100,0,7166.16808,0
1,1,1212000000,1000000,100,0,6613.22437,0
1,1,1213000000,1000000,100,0,6060.27904,0
1,1,1214000000,1000000,100,0,5507.33572,0
1,1,1215000000,1000000,100,0,4954.38999,0
1,1,1216000000,1000000,100,0,4401.44708,0
1,1,1217000000,1000000,100,0,3848.50094,0
1,1,1218000000,1000000,100,0,3295.55812,0
1,1,1219000000,1000000,100,0,2742.6122,0
1,1,1220000000,1000000,100,0,2189.66908,0
1,1,1221000000,1000000,100,0,1636.72355,0
1,1,1222000000,1000000,100,0,1083.78003,0
1,1,1223000000,1000000,100,0,530.834908,0
1,1,1224000000,1000000,46.1824,53.8176,58.505344,6592.41194
1,1,1225000000,1000000,0,100,0,6287.62403
1,1,1226000000,311168,0,100,0,1205.57755
4,1,0,1000000,0,100,0,476.64559
4,1,1000000,1000000,0,100,0,406.94099
4,1,2000000,1000000,0,100,0,337.23639
4,1,3000000,1000000,0,100,0,267.529256
4,1,4000000,1000000,0,100,0,197.82297
4,1,5000000,1000000,0,100,0,128.11837
4,1,6000000,1000000,0,100,0,58.412922
4,1,7000000,1000000,65.4848,34.5152,193003.32,3.979848
4,1,8000000,1000000,100,0,294272.432,0
4,1,9000000,1000000,100,0,293719.49,0
4,1,10000000,1000000,100,0,293166.544,0
4,1,11000000,1000000,100,0,292613.601,0
4,1,12000000,1000000,100,0,292060.655,0
4,1,13000000,1000000,100,0,291507.712,0
4,1,14000000,1000000,100,0,290954.766,0
4,1,15000000,1000000,100,0,290401.823,0
4,1,16000000,1000000,100,0,289848.878,0
4,1,17000000,1000000,100,0,289295.933,0
4,1,18000000,1000000,100,0,288742.989,0
4,1,19000000,1000000,100,0,288190.044,0
4,1,20000000,1000000,100,0,287637.1,0
4,1,21000000,1000000,100,0,287084.155,0
4,1,22000000,1000000,100,0,286531.212,0
4,1,23000000,1000000,100,0,285978.266,0
4,1,24000000,1000000,100,0,285425.323,0
4,1,25000000,1000000,100,0,284872.377,0
4,1,26000000,1000000,100,0,284319.434,0
4,1,27000000,1000000,100,0,283766.488,0
4,1,28000000,1000000,100,0,283213.545,0
4,1,29000000,1000000,100,0,282660.599,0
4,1,30000000,1000000,100,0,282107.656,0
4,1,31000000,1000000,100,0,281554.711,0
4,1,32000000,1000000,100,0,281001.767,0
4,1,33000000,1000000,100,0,280448.822,0
4,1,34000000,1000000,100,0,279895.878,0
4,1,35000000,1000000,100,0,279342.934,0
4,1,36000000,1000000,100,0,278789.989,0
4,1,37000000,1000000,100,0,278237.045,0
4,1,38000000,1000000,100,0,277684.1,0
4,1,39000000,1000000,100,0,277131.156,0
4,1,40000000,1000000,100,0,276578.211,0
4,1,41000000,1000000,100,0,276025.268,0
4,1,42000000,1000000,100,0,275472.322,0
4,1,43000000,1000000,100,0,274919.379,0
4,1,44000000,1000000,100,0,274366.433,0
4,1,45000000,1000000,100,0,273813.49,0
4,1,46000000,1000000,100,0,273260.544,0
4,1,47000000,1000000,100,0,272707.601,0
4,1,48000000,1000000,100,0,272154.655,0
4,1,49000000,1000000,100,0,271601.712,0
4,1,50000000,1000000,100,0,271048.767,0
4,1,51000000,1000000,100,0,270495.823,0
4,1,52000000,1000000,100,0,269942.878,0
4,1,53000000,1000000,100,0,269389.934,0
4,1,54000000,1000000,100,0,268836.989,0
4,1,55000000,1000000,100,0,268284.045,0
4,1,56000000,1000000,100,0,267731.101,0
4,1,57000000,1000000,100,0,267178.156,0
4,1,58000000,1000000,100,0,266625.212,0
4,1,59000000,1000000,100,0,266072.267,0
4,1,60000000,1000000,100,0,265519.324,0
4,1,61000000,1000000,100,0,264966.378,0
4,1,62000000,1000000,100,0,264413.435,0
4,1,63000000,1000000,100,0,263860.489,0
4,1,64000000,1000000,100,0,263307.546,0
4,1,65000000,1000000,100,0,262754.6,0
4,1,66000000,1000000,100,0,262201.657,0
4,1,67000000,1000000,100,0,261648.711,0
4,1,68000000,1000000,100,0,261095.768,0
4,1,69000000,1000000,100,0,260542.823,0
4,1,70000000,1000000,100,0,259989.879,0
4,1,71000000,1000000,100,0,259436.934,0
4,1,72000000,1000000,100,0,258883.99,0
4,1,73000000,1000000,100,0,258331.045,0
4,1,74000000,1000000,100,0,257778.101,0
4,1,75000000,1000000,100,0,257225.157,0
4,1,76000000,1000000,100,0,256672.212,0
4,1,77000000,1000000,100,0,256119.268,0
4,1,78000000,1000000,100,0,255566.323,0
4,1,79000000,1000000,100,0,255013.379,0
4,1,80000000,1000000,100,0,254460.434,0
4,1,81000000,1000000,100,0,253907.491,0
4,1,82000000,1000000,100,0,253354.545,0
4,1,83000000,1000000,100,0,252801.602,0
4,1,84000000,1000000,100,0,252248.656,0
4,1,85000000,1000000,100,0,251695.713,0
4,1,86000000,1000000,100,0,251142.767,0
4,1,87000000,1000000,100,0,250589.824,0
4,1,88000000,1000000,100,0,250036.879,0
4,1,89000000,1000000,100,0,249483.935,0
4,1,90000000,1000000,100,0,248930.99,0
4,1,91000000,1000000,100,0,248378.046,0
4,1,92000000,1000000,100,0,247825.101,0
4,1,93000000,1000000,100,0,247272.156,0
4,1,94000000,1000000,100,0,246719.213,0
4,1,95000000,1000000,100,0,246166.267,0
4,1,96000000,1000000,100,0,245613.324,0
4,1,97000000,1000000,100,0,245060.378,0
4,1,98000000,1000000,100,0,244507.435,0
4,1,99000000,1000000,100,0,243954.489,0
4,1,100000000,1000000,100,0,243401.547,0
4,1,101000000,1000000,100,0,242848.601,0
4,1,102000000,1000000,100,0,242295.657,0
4,1,103000000,1000000,100,0,241742.712,0
4,1,104000000,1000000,100,0,241189.768,0
4,1,105000000,1000000,100,0,240636.823,0
4,1,106000000,1000000,100,0,240083.879,0
4,1,107000000,1000000,100,0,239530.935,0
4,1,108000000,1000000,100,0,238977.99,0
4,1,109000000,1000000,100,0,238425.046,0
4,1,110000000,1000000,100,0,237872.101,0
4,1,111000000,1000000,100,0,237319.157,0
4,1,112000000,1000000,100,0,236766.212,0
4,1,113000000,1000000,100,0,236213.269,0
4,1,114000000,1000000,100,0,235660.323,0
4,1,115000000,1000000,100,0,235107.38,0
4,1,116000000,1000000,100,0,234554.434,0
4,1,117000000,1000000,100,0,234001.491,0
4,1,118000000,1000000,100,0,233448.545,0
4,1,119000000,1000000,100,0,232895.602,0
4,1,120000000,1000000,100,0,232342.657,0
4,1,121000000,1000000,100,0,231789.713,0
4,1,122000000,1000000,100,0,231236.768,0
4,1,123000000,1000000,100,0,230683.824,0
4,1,124000000,1000000,100,0,230130.879,0
4,1,125000000,1000000,100,0,229577.935,0
4,1,126000000,1000000,100,0,229024.991,0
4,1,127000000,1000000,100,0,228472.046,0
4,1,128000000,1000000,100,0,227919.102,0
4,1,129000000,1000000,100,0,227366.157,0
4,1,130000000,1000000,100,0,226813.213,0
4,1,131000000,1000000,100,0,226260.268,0
4,1,132000000,1000000,100,0,225707.325,0
4,1,133000000,1000000,100,0,225154.379,0
4,1,134000000,1000000,100,0,224601.436,0
4,1,135000000,1000000,100,0,224048.49,0
4,1,136000000,1000000,100,0,223495.547,0
4,1,137000000,1000000,100,0,222942.601,0
4,1,138000000,1000000,100,0,222389.658,0
4,1,139000000,1000000,100,0,221836.712,0
4,1,140000000,1000000,100,0,221283.769,0
4,1,141000000,1000000,100,0,220730.824,0
4,1,142000000,1000000,100,0,220177.88,0
4,1,143000000,1000000,100,0,219624.935,0
4,1,144000000,1000000,100,0,219071.991,0
4,1,145000000,1000000,100,0,218519.047,0
4,1,146000000,1000000,100,0,217966.102,0
4,1,147000000,1000000,100,0,217413.158,0
4,1,148000000,1000000,100,0,216860.213,0
4,1,149000000,1000000,100,0,216307.269,0
4,1,150000000,1000000,100,0,215754.324,0
4,1,151000000,1000000,100,0,215201.381,0
4,1,152000000,1000000,100,0,214648.435,0
4,1,153000000,1000000,100,0,214095.492,0
4,1,154000000,1000000,100,0,213542.546,0
4,1,155000000,1000000,100,0,212989.603,0
4,1,156000000,1000000,100,0,212436.657,0
4,1,157000000,1000000,100,0,211883.714,0
4,1,158000000,1000000,100,0,211330.768,0
4,1,159000000,1000000,100,0,210777.825,0
4,1,160000000,1000000,100,0,210224.88,0
4,1,161000000,1000000,100,0,209671.936,0
4,1,162000000,1000000,100,0,209118.991,0
4,1,163000000,1000000,100,0,208566.047,0
4,1,164000000,1000000,100,0,208013.102,0
4,1,165000000,1000000,100,0,207460.158,0
4,1,166000000,1000000,100,0,206907.214,0
4,1,167000000,1000000,100,0,206354.269,0
4,1,168000000,1000000,100,0,205801.325,0
4,1,169000000,1000000,100,0,205248.38,0
4,1,170000000,1000000,100,0,204695.437,0
4,1,171000000,1000000,100,0,204142.49,0
4,1,172000000,1000000,100,0,203589.548,0
4,1,173000000,1000000,100,0,203036.602,0
4,1,174000000,1000000,100,0,202483.659,0
4,1,175000000,1000000,100,0,201930.713,0
4,1,176000000,1000000,100,0,201377.77,0
4,1,177000000,1000000,100,0,200824.824,0
4,1,178000000,1000000,100,0,200271.88,0
4,1,179000000,1000000,100,0,199718.936,0
4,1,180000000,1000000,100,0,199165.991,0
4,1,181000000,1000000,100,0,198613.047,0
4,1,182000000,1000000,100,0,198060.102,0
4,1,183000000,1000000,100,0,197507.158,0
4,1,184000000,1000000,100,0,196954.213,0
4,1,185000000,1000000,100,0,196401.27,0
4,1,186000000,1000000,100,0,195848.324,0
4,1,187000000,1000000,100,0,195295.381,0
4,1,188000000,1000000,100,0,194742.435,0
4,1,189000000,1000000,100,0,194189.492,0
4,1,190000000,1000000,100,0,193636.546,0
4,1,191000000,1000000,100,0,193083.603,0
4,1,192000000,1000000,100,0,192530.658,0
4,1,193000000,1000000,100,0,191977.714,0
4,1,194000000,1000000,100,0,191424.769,0
4,1,195000000,1000000,100,0,190871.825,0
4,1,196000000,1000000,100,0,190318.88,0
4,1,197000000,1000000,100,0,189765.936,0
4,1,198000000,1000000,100,0,189212.992,0
4,1,199000000,1000000,100,0,188660.047,0
4,1,200000000,1000000,100,0,188107.103,0
4,1,201000000,1000000,100,0,187554.158,0
4,1,202000000,1000000,100,0,187001.214,0
4,1,203000000,1000000,100,0,186448.269,0
4,1,204000000,1000000,100,0,185895.326,0
4,1,205000000,1000000,100,0,185342.38,0
4,1,206000000,1000000,100,0,184789.437,0
4,1,207000000,1000000,100,0,184236.491,0
4,1,208000000,1000000,100,0,183683.548,0
4,1,209000000,1000000,100,0,183130.602,0
4,1,210000000,1000000,100,0,182577.659,0
4,1,211000000,1000000,100,0,182024.714,0
4,1,212000000,1000000,100,0,181471.77,0
4,1,213000000,1000000,100,0,180918.825,0
4,1,214000000,1000000,100,0,180365.881,0
4,1,215000000,1000000,100,0,179812.936,0
4,1,216000000,1000000,100,0,179259.992,0
4,1,217000000,1000000,100,0,178707.048,0
4,1,218000000,1000000,100,0,178154.103,0
4,1,219000000,1000000,100,0,177601.159,0
4,1,220000000,1000000,100,0,177048.214,0
4,1,221000000,1000000,100,0,176495.27,0
4,1,222000000,1000000,100,0,175942.325,0
4,1,223000000,1000000,100,0,175389.382,0
4,1,224000000,1000000,100,0,174836.436,0
4,1,225000000,1000000,100,0,174283.493,0
4,1,226000000,1000000,100,0,173730.547,0
4,1,227000000,1000000,100,0,173177.604,0
4,1,228000000,1000000,100,0,172624.658,0
4,1,229000000,1000000,100,0,172071.715,0
4,1,230000000,1000000,100,0,171518.77,0
4,1,231000000,1000000,100,0,170965.826,0
4,1,232000000,1000000,100,0,170412.881,0
4,1,233000000,1000000,100,0,169859.937,0
4,1,234000000,1000000,100,0,169306.992,0
4,1,235000000,1000000,100,0,168754.048,0
4,1,236000000,1000000,100,0,168201.104,0
4,1,237000000,1000000,100,0,167648.159,0
4,1,238000000,1000000,100,0,167095.215,0
4,1,239000000,1000000,100,0,166542.27,0
4,1,240000000,1000000,100,0,165989.326,0
4,1,241000000,1000000,100,0,165436.381,0
4,1,242000000,1000000,100,0,164883.438,0
4,1,243000000,1000000,100,0,164330.492,0
4,1,244000000,1000000,100,0,163777.549,0
4,1,245000000,1000000,100,0,163224.603,0
4,1,246000000,1000000,100,0,162671.66,0
4,1,247000000,1000000,100,0,162118.714,0
4,1,248000000,1000000,100,0,161565.771,0
4,1,249000000,1000000,100,0,161012.825,0
4,1,250000000,1000000,100,0,160459.882,0
4,1,251000000,1000000,100,0,159906.937,0
4,1,252000000,1000000,100,0,159353.993,0
4,1,253000000,1000000,100,0,158801.048,0
4,1,254000000,1000000,100,0,158248.103,0
4,1,255000000,1000000,100,0,157695.16,0
4,1,256000000,1000000,100,0,157142.214,0
4,1,257000000,1000000,100,0,156589.271,0
4,1,258000000,1000000,100,0,156036.325,0
4,1,259000000,1000000,100,0,155483.382,0
4,1,260000000,1000000,100,0,154930.436,0
4,1,261000000,1000000,100,0,154377.494,0
4,1,262000000,1000000,100,0,153824.547,0
4,1,263000000,1000000,100,0,153271.604,0
4,1,264000000,1000000,100,0,152718.659,0
4,1,265000000,1000000,100,0,152165.715,0
4,1,266000000,1000000,100,0,151612.77,0
4,1,267000000,1000000,100,0,151059.826,0
4,1,268000000,1000000,100,0,150506.881,0
4,1,269000000,1000000,100,0,149953.937,0
4,1,270000000,1000000,100,0,149400.993,0
4,1,271000000,1000000,100,0,148848.048,0
4,1,272000000,1000000,100,0,148295.104,0
4,1,273000000,1000000,100,0,147742.159,0
4,1,274000000,1000000,100,0,147189.216,0
4,1,275000000,1000000,100,0,146636.27,0
4,1,276000000,1000000,100,0,146083.327,0
4,1,277000000,1000000,100,0,145530.381,0
4,1,278000000,1000000,100,0,144977.438,0
4,1,279000000,1000000,100,0,144424.492,0
4,1,280000000,1000000,100,0,143871.549,0
4,1,281000000,1000000,100,0,143318.603,0
4,1,282000000,1000000,100,0,142765.66,0
4,1,283000000,1000000,100,0,142212.715,0
4,1,284000000,1000000,100,0,141659.771,0
4,1,285000000,1000000,100,0,141106.826,0
4,1,286000000,1000000,100,0,140553.882,0
4,1,287000000,1000000,100,0,140000.937,0
4,1,288000000,1000000,100,0,139447.993,0
4,1,289000000,1000000,100,0,138895.049,0
4,1,290000000,1000000,100,0,138342.104,0
4,1,291000000,1000000,100,0,137789.16,0
4,1,292000000,1000000,100,0,137236.215,0
4,1,293000000,1000000,100,0,136683.271,0
4,1,294000000,1000000,100,0,136130.326,0
4,1,295000000,1000000,100,0,135577.383,0
4,1,296000000,1000000,100,0,135024.437,0
4,1,297000000,1000000,100,0,134471.494,0
4,1,298000000,1000000,100,0,133918.548,0
4,1,299000000,1000000,100,0,133365.605,0
4,1,300000000,1000000,100,0,132812.659,0
4,1,301000000,1000000,100,0,132259.716,0
4,1,302000000,1000000,100,0,131706.771,0
4,1,303000000,1000000,100,0,131153.827,0
4,1,304000000,1000000,100,0,130600.882,0
4,1,305000000,1000000,100,0,130047.938,0
4,1,306000000,1000000,100,0,129494.993,0
4,1,307000000,1000000,100,0,128942.049,0
4,1,308000000,1000000,100,0,128389.105,0
4,1,309000000,1000000,100,0,127836.16,0
4,1,310000000,1000000,100,0,127283.216,0
4,1,311000000,1000000,100,0,126730.271,0
4,1,312000000,1000000,100,0,126177.327,0
4,1,313000000,1000000,100,0,125624.382,0
4,1,314000000,1000000,100,0,125071.439,0
4,1,315000000,1000000,100,0,124518.493,0
4,1,316000000,1000000,100,0,123965.55,0
4,1,317000000,1000000,100,0,123412.604,0
4,1,318000000,1000000,100,0,122859.661,0
4,1,319000000,1000000,100,0,122306.715,0
4,1,320000000,1000000,100,0,121753.772,0
4,1,321000000,1000000,100,0,121200.827,0
4,1,322000000,1000000,100,0,120647.883,0
4,1,323000000,1000000,100,0,120094.938,0
4,1,324000000,1000000,100,0,119541.994,0
4,1,325000000,1000000,100,0,118989.049,0
4,1,326000000,1000000,100,0,118436.105,0
4,1,327000000,1000000,100,0,117883.161,0
4,1,328000000,1000000,100,0,117330.216,0
4,1,329000000,1000000,100,0,116777.272,0
4,1,330000000,1000000,100,0,116224.327,0
4,1,331000000,1000000,100,0,115671.383,0
4,1,332000000,1000000,100,0,115118.437,0
4,1,333000000,1000000,100,0,114565.495,0
4,1,334000000,1000000,100,0,114012.548,0
4,1,335000000,1000000,100,0,113459.606,0
4,1,336000000,1000000,100,0,112906.66,0
4,1,337000000,1000000,100,0,112353.717,0
4,1,338000000,1000000,100,0,111800.771,0
4,1,339000000,1000000,100,0,111247.827,0
4,1,340000000,1000000,100,0,110694.883,0
4,1,341000000,1000000,100,0,110141.938,0
4,1,342000000,1000000,100,0,109588.994,0
4,1,343000000,1000000,100,0,109036.049,0
4,1,344000000,1000000,100,0,108483.105,0
4,1,345000000,1000000,100,0,107930.16,0
4,1,346000000,1000000,100,0,107377.217,0
4,1,347000000,1000000,100,0,106824.271,0
4,1,348000000,1000000,100,0,106271.328,0
4,1,349000000,1000000,100,0,105718.382,0
4,1,350000000,1000000,100,0,105165.439,0
4,1,351000000,1000000,100,0,104612.493,0
4,1,352000000,1000000,100,0,104059.55,0
4,1,353000000,1000000,100,0,103506.604,0
4,1,354000000,1000000,100,0,102953.661,0
4,1,355000000,1000000,100,0,102400.716,0
4,1,356000000,1000000,100,0,101847.772,0
4,1,357000000,1000000,100,0,101294.827,0
4,1,358000000,1000000,100,0,100741.883,0
4,1,359000000,1000000,100,0,100188.939,0
4,1,360000000,1000000,100,0,99635.9942,0
4,1,361000000,1000000,100,0,99083.0499,0
4,1,362000000,1000000,100,0,98530.1052,0
4,1,363000000,1000000,100,0,97977.1612,0
4,1,364000000,1000000,100,0,97424.2161,0
4,1,365000000,1000000,100,0,96871.2726,0
4,1,366000000,1000000,100,0,96318.3271,0
4,1,367000000,1000000,100,0,95765.3839,0
4,1,368000000,1000000,100,0,95212.438,0
4,1,369000000,1000000,100,0,94659.4952,0
4,1,370000000,1000000,100,0,94106.549,0
4,1,371000000,1000000,100,0,93553.6061,0
4,1,372000000,1000000,100,0,93000.6604,0
4,1,373000000,1000000,100,0,92447.7171,0
4,1,374000000,1000000,100,0,91894.7718,0
4,1,375000000,1000000,100,0,91341.8281,0
4,1,376000000,1000000,100,0,90788.8831,0
4,1,377000000,1000000,100,0,90235.939,0
4,1,378000000,1000000,100,0,89682.9945,0
4,1,379000000,1000000,100,0,89130.05,0
4,1,380000000,1000000,100,0,88577.1058,0
4,1,381000000,1000000,100,0,88024.1609,0
4,1,382000000,1000000,100,0,87471.2172,0
4,1,383000000,1000000,100,0,86918.2719,0
4,1,384000000,1000000,100,0,86365.3285,0
4,1,385000000,1000000,100,0,85812.3828,0
4,1,386000000,1000000,100,0,85259.4399,0
4,1,387000000,1000000,100,0,84706.4938,0
4,1,388000000,1000000,100,0,84153.5509,0
4,1,389000000,1000000,100,0,83600.605,0
4,1,390000000,1000000,100,0,83047.6619,0
4,1,391000000,1000000,100,0,82494.7164,0
4,1,392000000,1000000,100,0,81941.7729,0
4,1,393000000,1000000,100,0,81388.8277,0
4,1,394000000,1000000,100,0,80835.8838,0
4,1,395000000,1000000,100,0,80282.9391,0
4,1,396000000,1000000,100,0,79729.9948,0
4,1,397000000,1000000,100,0,79177.0504,0
4,1,398000000,1000000,100,0,78624.1057,0
4,1,399000000,1000000,100,0,78071.1618,0
4,1,400000000,1000000,100,0,77518.2167,0
4,1,401000000,1000000,100,0,76965.2731,0
4,1,402000000,1000000,100,0,76412.3276,0
4,1,403000000,1000000,100,0,75859.3845,0
4,1,404000000,1000000,100,0,75306.4386,0
4,1,405000000,1000000,100,0,74753.4957,0
4,1,406000000,1000000,100,0,74200.5496,0
4,1,407000000,1000000,100,0,73647.6067,0
4,1,408000000,1000000,100,0,73094.661,0
4,1,409000000,1000000,100,0,72541.7177,0
4,1,410000000,1000000,100,0,71988.7723,0
4,1,411000000,1000000,100,0,71435.8286,0
4,1,412000000,1000000,100,0,70882.8837,0
4,1,413000000,1000000,100,0,70329.9396,0
4,1,414000000,1000000,100,0,69776.995,0
4,1,415000000,1000000,100,0,69224.0505,0
4,1,416000000,1000000,100,0,68671.1064,0
4,1,417000000,1000000,100,0,68118.1615,0
4,1,418000000,1000000,100,0,67565.2177,0
4,1,419000000,1000000,100,0,67012.2724,0
4,1,420000000,1000000,100,0,66459.3291,0
4,1,421000000,1000000,100,0,65906.3834,0
4,1,422000000,1000000,100,82.8352,65353.4404,9215.27793
4,1,423000000,1000000,100,100,64800.4943,4038.19768
4,1,424000000,1000000,100,100,64247.5515,12791.5178
4,1,425000000,1000000,100,100,63694.6056,10493.9208
4,1,426000000,1000000,100,100,63141.6625,7896.51818
4,1,427000000,1000000,100,100,62588.7169,5299.11561
4,1,428000000,1000000,100,100,62035.7734,2701.71295
4,1,429000000,1000000,100,54.0352,61482.8283,378.925046
4,1,430000000,1000000,100,0,60929.8844,0
4,1,431000000,1000000,100,0,60376.9396,0
4,1,432000000,1000000,100,0,59823.9953,0
4,1,433000000,1000000,100,0,59271.051,0
4,1,434000000,1000000,100,0,58718.1063,0
4,1,435000000,1000000,100,0,58165.1623,0
4,1,436000000,1000000,100,0,57612.2172,0
4,1,437000000,1000000,100,0,57059.2737,0
4,1,438000000,1000000,100,0,56506.3282,0
4,1,439000000,1000000,100,0,55953.385,0
4,1,440000000,1000000,100,0,55400.4391,0
4,1,441000000,1000000,100,0,54847.4963,0
4,1,442000000,1000000,100,0,54294.5502,0
4,1,443000000,1000000,100,0,53741.6073,0
4,1,444000000,1000000,100,0,53188.6615,0
4,1,445000000,1000000,100,0,52635.7182,0
4,1,446000000,1000000,100,0,52082.7729,0
4,1,447000000,1000000,100,0,51529.8292,0
4,1,448000000,1000000,100,0,50976.8842,0
4,1,449000000,1000000,100,0,50423.9401,0
4,1,450000000,1000000,100,0,49870.9956,0
4,1,451000000,1000000,100,0,49318.0511,0
4,1,452000000,1000000,100,0,48765.1069,0
4,1,453000000,1000000,100,0,48212.162,0
4,1,454000000,1000000,100,0,47659.2183,0
4,1,455000000,1000000,100,0,47106.273,0
4,1,456000000,1000000,100,0,46553.3296,0
4,1,457000000,1000000,100,0,46000.3839,0
4,1,458000000,1000000,100,0,45447.441,0
4,1,459000000,1000000,100,0,44894.4949,0
4,1,460000000,1000000,100,0,44341.5521,0
4,1,461000000,1000000,100,0,43788.6061,0
4,1,462000000,1000000,100,0,43235.663,0
4,1,463000000,1000000,100,0,42682.7175,0
4,1,464000000,1000000,100,0,42129.774,0
4,1,465000000,1000000,100,0,41576.8288,0
4,1,466000000,1000000,100,0,41023.8849,0
4,1,467000000,1000000,100,0,40470.9402,0
4,1,468000000,1000000,100,0,39917.9959,0
4,1,469000000,1000000,100,0,39365.0515,0
4,1,470000000,1000000,100,0,38812.1068,0
4,1,471000000,1000000,100,0,38259.1629,0
4,1,472000000,1000000,100,0,37706.2178,0
4,1,473000000,1000000,100,0,37153.2742,0
4,1,474000000,1000000,100,0,36600.3287,0
4,1,475000000,1000000,100,0,36047.3856,0
4,1,476000000,1000000,100,0,35494.4397,0
4,1,477000000,1000000,100,0,34941.4969,0
4,1,478000000,1000000,100,0,34388.5507,0
4,1,479000000,1000000,100,0,33835.6078,0
4,1,480000000,1000000,100,0,33282.6621,0
4,1,481000000,1000000,100,56.7424,32729.7188,771.852862
4,1,482000000,1000000,100,48.5248,976750.811,305.55693
4,1,483000000,1000000,100,0,1866631.83,0
4,1,484000000,1000000,100,0,1866078.88,0
4,1,485000000,1000000,100,0,1865525.94,0
4,1,486000000,1000000,100,0,1864973,0
4,1,487000000,1000000,100,0,1864420.05,0
4,1,488000000,1000000,100,0,1863867.11,0
4,1,489000000,1000000,100,0,1863314.16,0
4,1,490000000,1000000,100,0,1862761.22,0
4,1,491000000,1000000,100,0,1862208.27,0
4,1,492000000,1000000,100,0,1861655.33,0
4,1,493000000,1000000,100,0,1861102.38,0
4,1,494000000,1000000,100,0,1860549.44,0
4,1,495000000,1000000,100,0,1859996.5,0
4,1,496000000,1000000,100,0,1859443.55,0
4,1,497000000,1000000,100,0,1858890.61,0
4,1,498000000,1000000,100,0,1858337.66,0
4,1,499000000,1000000,100,0,1857784.72,0
4,1,500000000,1000000,100,0,1857231.77,0
4,1,501000000,1000000,100,0,1856678.83,0
4,1,502000000,1000000,100,0,1856125.89,0
4,1,503000000,1000000,100,0,1855572.94,0
4,1,504000000,1000000,100,0,1855020,0
4,1,505000000,1000000,100,0,1854467.05,0
4,1,506000000,1000000,100,0,1853914.11,0
4,1,507000000,1000000,100,0,1853361.16,0
4,1,508000000,1000000,100,0,1852808.22,0
4,1,509000000,1000000,100,0,1852255.27,0
4,1,510000000,1000000,100,0,1851702.33,0
4,1,511000000,1000000,100,0,1851149.39,0
4,1,512000000,1000000,100,0,1850596.44,0
4,1,513000000,1000000,100,0,1850043.5,0
4,1,514000000,1000000,100,0,1849490.55,0
4,1,515000000,1000000,100,0,1848937.61,0
4,1,516000000,1000000,100,0,1848384.66,0
4,1,517000000,1000000,100,0,1847831.72,0
4,1,518000000,1000000,100,0,1847278.77,0
4,1,519000000,1000000,100,0,1846725.83,0
4,1,520000000,1000000,100,0,1846172.89,0
4,1,521000000,1000000,100,0,1845619.94,0
4,1,522000000,1000000,100,0,1845067,0
4,1,523000000,1000000,100,0,1844514.05,0
4,1,524000000,1000000,100,0,1843961.11,0
4,1,525000000,1000000,100,0,1843408.16,0
4,1,526000000,1000000,100,0,1842855.22,0
4,1,527000000,1000000,100,0,1842302.27,0
4,1,528000000,1000000,100,0,1841749.33,0
4,1,529000000,1000000,100,0,1841196.39,0
4,1,530000000,1000000,100,0,1840643.44,0
4,1,531000000,1000000,100,0,1840090.5,0
4,1,532000000,1000000,100,0,1839537.55,0
4,1,533000000,1000000,100,0,1838984.61,0
4,1,534000000,1000000,100,0,1838431.66,0
4,1,535000000,1000000,100,0,1837878.72,0
4,1,536000000,1000000,100,0,1837325.78,0
4,1,537000000,1000000,100,0,1836772.83,0
4,1,538000000,1000000,100,0,1836219.89,0
4,1,539000000,1000000,100,0,1835666.94,0
4,1,540000000,1000000,100,30.6496,1834557.56,274.697636
4,1,541000000,1000000,100,100,1825826.95,24.36181
4,1,542000000,1000000,100,100,1814965.55,23.85117
4,1,543000000,1000000,100,100,1804104.17,23.339888
4,1,544000000,1000000,100,100,1793242.79,22.827998
4,1,545000000,1000000,100,100,1782381.39,22.317966
4,1,546000000,1000000,100,100,1771520.03,21.805274
4,1,547000000,1000000,100,100,1760658.62,21.296002
4,1,548000000,1000000,100,100,1749797.26,20.78272
4,1,549000000,1000000,100,100,1738935.85,20.27283
4,1,550000000,1000000,100,100,1728074.48,19.760798
4,1,551000000,1000000,100,100,1717213.09,19.249658
4,1,552000000,1000000,100,100,1706351.7,18.738876
4,1,553000000,1000000,100,100,1695490.33,18.226486
4,1,554000000,1000000,100,100,1684628.92,17.716954
4,1,555000000,1000000,100,100,1673767.57,17.203314
4,1,556000000,1000000,100,100,1662906.16,16.693978
4,1,557000000,1000000,100,100,1652044.8,16.181196
4,1,558000000,1000000,100,100,1641183.4,15.670806
4,1,559000000,1000000,100,100,1630322.02,15.159274
4,1,560000000,1000000,100,100,1619460.64,14.647634
4,1,561000000,1000000,100,100,1608599.23,14.137352
4,1,562000000,1000000,100,100,1597737.88,13.624462
4,1,563000000,1000000,100,100,1586876.46,13.115126
4,1,564000000,1000000,100,100,1576015.11,12.601594
4,1,565000000,1000000,100,100,1565153.7,12.091954
4,1,566000000,1000000,100,100,1554292.33,11.580056
4,1,567000000,1000000,100,100,1543430.94,11.069294
4,1,568000000,1000000,100,100,1532569.55,10.558262
4,1,569000000,1000000,100,100,1521708.18,10.046122
4,1,570000000,1000000,100,100,1510846.77,9.53634
4,1,571000000,1000000,100,100,1499985.42,9.02295
4,1,572000000,1000000,100,100,1489124,8.513614
4,1,573000000,1000000,100,100,1478262.64,8.000582
4,1,574000000,1000000,100,100,1467401.24,7.490442
4,1,575000000,1000000,100,100,1456539.86,6.97866
4,1,576000000,1000000,100,100,1445678.48,6.46727
4,1,577000000,1000000,100,100,1434817.08,5.956738
4,1,578000000,1000000,100,100,1423955.72,5.444098
4,1,579000000,1000000,100,100,1413094.3,4.934762
4,1,580000000,1000000,100,100,1402232.96,4.42098
4,1,581000000,1000000,100,100,1391371.54,3.91159
4,1,582000000,1000000,100,100,1380510.18,3.399058
4,1,583000000,1000000,100,100,1369648.78,2.888418
4,1,584000000,1000000,100,100,1358787.4,2.377136
4,1,585000000,1000000,100,100,1347926.02,1.865246
4,1,586000000,1000000,100,100,1337064.62,1.355534
4,1,587000000,1000000,100,100,1326203.26,0.842586
4,1,588000000,1000000,100,100,1315341.85,0.33325
4,1,589000000,1000000,100,99.5552,1304477.6,0.00539
4,1,590000000,1000000,100,99.4762,1293608.13,0
4,1,591000000,1000000,100,99.4762,1282738.56,0
4,1,592000000,1000000,100,99.4762,1271869,0
4,1,593000000,1000000,100,99.4762,1260999.43,0
4,1,594000000,1000000,100,99.4762,1250129.87,0
4,1,595000000,1000000,100,99.4762,1239260.3,0
4,1,596000000,1000000,100,99.4762,1228390.74,0
4,1,597000000,1000000,100,99.4762,1217521.17,0
4,1,598000000,1000000,100,99.4762,1206651.6,0
4,1,599000000,1000000,100,99.4762,1195782.04,0
4,1,600000000,1000000,100,99.4762,1184912.47,0
4,1,601000000,1000000,100,99.4762,1174042.91,0
4,1,602000000,1000000,100,99.4762,1163173.34,0
4,1,603000000,1000000,100,99.4762,1152303.78,0
4,1,604000000,1000000,100,99.4762,1141434.21,0
4,1,605000000,1000000,100,99.4762,1130564.65,0
4,1,606000000,1000000,100,99.4708,1119695.08,0
4,1,607000000,1000000,100,99.4762,1108825.52,0
4,1,608000000,1000000,100,99.4762,1097955.96,0
4,1,609000000,1000000,100,99.4762,1087086.39,0
4,1,610000000,1000000,100,99.4762,1076216.83,0
4,1,611000000,1000000,100,99.4762,1065347.26,0
4,1,612000000,1000000,100,99.4762,1054477.69,0
4,1,613000000,1000000,100,99.4762,1043608.13,0
4,1,614000000,1000000,100,99.4762,1032738.56,0
4,1,615000000,1000000,100,99.4762,1021869,0
4,1,616000000,1000000,100,99.4762,1010999.43,0
4,1,617000000,1000000,100,99.4762,1000129.87,0
4,1,618000000,1000000,100,99.4762,989260.3,0
4,1,619000000,1000000,100,99.4762,978390.735,0
4,1,620000000,1000000,100,99.4762,967521.169,0
4,1,621000000,1000000,100,99.4762,956651.604,0
4,1,622000000,1000000,100,99.4762,945782.038,0
4,1,623000000,1000000,100,99.4762,934912.472,0
4,1,624000000,1000000,100,99.4762,924042.907,0
4,1,625000000,1000000,100,99.4762,913173.341,0
4,1,626000000,1000000,100,99.4708,902303.779,0
4,1,627000000,1000000,100,99.4762,891434.218,0
4,1,628000000,1000000,100,99.4762,880564.652,0
4,1,629000000,1000000,100,99.4762,869695.087,0
4,1,630000000,1000000,100,99.4762,858825.521,0
4,1,631000000,1000000,100,99.4762,847955.955,0
4,1,632000000,1000000,100,99.4762,837086.39,0
4,1,633000000,1000000,100,99.4762,826216.824,0
4,1,634000000,1000000,100,99.4762,815347.259,0
4,1,635000000,1000000,100,99.4762,804477.693,0
4,1,636000000,1000000,100,99.4762,793608.127,0
4,1,637000000,1000000,100,99.4762,782738.562,0
4,1,638000000,1000000,100,99.4762,771868.996,0
4,1,639000000,1000000,100,99.4762,760999.43,0
4,1,640000000,1000000,100,99.4762,750129.865,0
4,1,641000000,1000000,100,99.4762,739260.299,0
4,1,642000000,1000000,100,99.4762,728390.734,0
4,1,643000000,1000000,100,99.4762,717521.168,0
4,1,644000000,1000000,100,99.4762,706651.602,0
4,1,645000000,1000000,100,99.4762,695782.037,0
4,1,646000000,1000000,100,99.4708,684912.474,0
4,1,647000000,1000000,100,99.4762,674042.914,0
4,1,648000000,1000000,100,99.4762,663173.348,0
4,1,649000000,1000000,100,99.4762,652303.782,0
4,1,650000000,1000000,100,99.4762,641434.217,0
4,1,651000000,1000000,100,99.4762,630564.651,0
4,1,652000000,1000000,100,99.4762,619695.086,0
4,1,653000000,1000000,100,99.4762,608825.52,0
4,1,654000000,1000000,100,99.4762,597955.954,0
4,1,655000000,1000000,100,99.4762,587086.389,0
4,1,656000000,1000000,100,99.4762,576216.823,0
4,1,657000000,1000000,100,99.4762,565347.257,0
4,1,658000000,1000000,100,99.4762,554477.692,0
4,1,659000000,1000000,100,99.4762,543608.126,0
4,1,660000000,1000000,100,99.4762,532738.561,0
4,1,661000000,1000000,100,99.4762,521868.995,0
4,1,662000000,1000000,100,99.4762,510999.429,0
4,1,663000000,1000000,100,99.4762,500129.864,0
4,1,664000000,1000000,100,99.4762,489260.298,0
4,1,665000000,1000000,100,99.4762,478390.732,0
4,1,666000000,1000000,100,99.4708,467521.169,0
4,1,667000000,1000000,100,99.4762,456651.609,0
4,1,668000000,1000000,100,99.4762,445782.044,0
4,1,669000000,1000000,100,99.4762,434912.478,0
4,1,670000000,1000000,100,99.4762,424042.913,0
4,1,671000000,1000000,100,99.4762,413173.347,0
4,1,672000000,1000000,100,99.4762,402303.781,0
4,1,673000000,1000000,100,99.4762,391434.216,0
4,1,674000000,1000000,100,99.4762,380564.65,0
4,1,675000000,1000000,100,99.4762,369695.084,0
4,1,676000000,1000000,100,99.4762,358825.519,0
4,1,677000000,1000000,100,99.4762,347955.953,0
4,1,678000000,1000000,100,99.4762,337086.388,0
4,1,679000000,1000000,100,99.4762,326216.822,0
4,1,680000000,1000000,100,99.4762,315347.256,0
4,1,681000000,1000000,100,99.4762,304477.691,0
4,1,682000000,1000000,100,99.4762,293608.125,0
4,1,683000000,1000000,100,99.4762,282738.559,0
4,1,684000000,1000000,100,99.4762,271868.994,0
4,1,685000000,1000000,100,99.4762,260999.428,0
4,1,686000000,1000000,100,99.4708,250129.863,0
4,1,687000000,1000000,100,99.4762,239260.305,0
4,1,688000000,1000000,100,41.9738,229958.442,0
4,1,689000000,1000000,100,0,227315.677,0
4,1,690000000,1000000,100,0,225423.53,0
4,1,691000000,1000000,100,0,223531.382,0
4,1,692000000,1000000,100,0,221639.235,0
4,1,693000000,1000000,100,0,219747.087,0
4,1,694000000,1000000,100,0,217854.939,0
4,1,695000000,1000000,100,0,215962.792,0
4,1,696000000,1000000,100,0,214070.644,0
4,1,697000000,1000000,100,0,212178.497,0
4,1,698000000,1000000,100,0,210286.349,0
4,1,699000000,1000000,100,0,208394.201,0
4,1,700000000,1000000,100,0,206502.054,0
4,1,701000000,1000000,100,0,204609.906,0
4,1,702000000,1000000,100,0,202717.759,0
4,1,703000000,1000000,100,0,200825.611,0
4,1,704000000,1000000,100,0,198933.464,0
4,1,705000000,1000000,100,0,197041.316,0
4,1,706000000,1000000,100,0,195149.168,0
4,1,707000000,1000000,100,0,193257.021,0
4,1,708000000,1000000,100,0,191364.873,0
4,1,709000000,1000000,100,0,189472.726,0
4,1,710000000,1000000,100,0,187580.578,0
4,1,711000000,1000000,100,0,185688.43,0
4,1,712000000,1000000,100,0,183796.283,0
4,1,713000000,1000000,100,0,181904.135,0
4,1,714000000,1000000,100,0,180011.988,0
4,1,715000000,1000000,100,0,178119.84,0
4,1,716000000,1000000,100,0,176227.693,0
4,1,717000000,1000000,100,0,174335.545,0
4,1,718000000,1000000,100,0,172443.397,0
4,1,719000000,1000000,100,0,170551.25,0
4,1,720000000,1000000,100,0,168659.102,0
4,1,721000000,1000000,100,0,166766.955,0
4,1,722000000,1000000,100,0,164874.807,0
4,1,723000000,1000000,100,0,162982.659,0
4,1,724000000,1000000,100,0,161090.512,0
4,1,725000000,1000000,100,0,159198.364,0
4,1,726000000,1000000,100,0,157306.217,0
4,1,727000000,1000000,100,0,155414.069,0
4,1,728000000,1000000,100,0,153521.921,0
4,1,729000000,1000000,100,0,151629.774,0
4,1,730000000,1000000,100,0,149737.626,0
4,1,731000000,1000000,100,0,147845.479,0
4,1,732000000,1000000,100,0,145953.331,0
4,1,733000000,1000000,100,0,144061.184,0
4,1,734000000,1000000,100,0,142169.036,0
4,1,735000000,1000000,100,0,140276.888,0
4,1,736000000,1000000,100,0,138384.741,0
4,1,737000000,1000000,100,0,136492.593,0
4,1,738000000,1000000,100,0,134600.446,0
4,1,739000000,1000000,100,0,132708.298,0
4,1,740000000,1000000,100,0,130816.15,0
4,1,741000000,1000000,100,0,128924.003,0
4,1,742000000,1000000,100,0,127031.855,0
4,1,743000000,1000000,100,0,125139.708,0
4,1,744000000,1000000,100,0,123247.56,0
4,1,745000000,1000000,100,0,121355.413,0
4,1,746000000,1000000,100,0,119463.265,0
4,1,747000000,1000000,100,0,117571.117,0
4,1,748000000,1000000,100,0,115678.97,0
4,1,749000000,1000000,100,0,113786.822,0
4,1,750000000,1000000,100,0,111894.674,0
4,1,751000000,1000000,100,0,110002.527,0
4,1,752000000,1000000,100,0,108110.379,0
4,1,753000000,1000000,100,0,106218.232,0
4,1,754000000,1000000,100,0,104326.084,0
4,1,755000000,1000000,100,0,102433.937,0
4,1,756000000,1000000,100,0,100541.789,0
4,1,757000000,1000000,100,0,98649.6415,0
4,1,758000000,1000000,100,0,96757.4939,0
4,1,759000000,1000000,100,0,94865.3463,0
4,1,760000000,1000000,100,0,92973.1987,0
4,1,761000000,1000000,100,0,91081.0511,0
4,1,762000000,1000000,100,0,89188.9034,0
4,1,763000000,1000000,100,0,87296.7559,0
4,1,764000000,1000000,100,0,85404.6083,0
4,1,765000000,1000000,100,0,83512.4607,0
4,1,766000000,1000000,100,0,81620.3131,0
4,1,767000000,1000000,100,0,79728.1656,0
4,1,768000000,1000000,100,0,77836.018,0
4,1,769000000,1000000,100,0,75943.8704,0
4,1,770000000,1000000,100,0,74051.7228,0
4,1,771000000,1000000,100,0,72159.5752,0
4,1,772000000,1000000,100,0,70267.4277,0
4,1,773000000,1000000,100,0,68375.2801,0
4,1,774000000,1000000,100,0,66483.1325,0
4,1,775000000,1000000,100,0,64590.9848,0
4,1,776000000,1000000,100,0,62698.8372,0
4,1,777000000,1000000,100,0,60806.6896,0
4,1,778000000,1000000,100,0,58914.5421,0
4,1,779000000,1000000,100,0,57022.3945,0
4,1,780000000,1000000,100,0,55130.2469,0
4,1,781000000,1000000,100,0,53238.0993,0
4,1,782000000,1000000,100,0,51345.9518,0
4,1,783000000,1000000,100,0,49453.8042,0
4,1,784000000,1000000,100,0,47561.6566,0
4,1,785000000,1000000,100,0,45669.509,0
4,1,786000000,1000000,100,0,43777.3614,0
4,1,787000000,1000000,100,0,41885.2139,0
4,1,788000000,1000000,100,0,39993.0663,0
4,1,789000000,1000000,100,0,38100.9186,0
4,1,790000000,1000000,100,0,36208.771,0
4,1,791000000,1000000,100,0,34316.6234,0
4,1,792000000,1000000,100,0,32424.4758,0
4,1,793000000,1000000,100,0,30532.3283,0
4,1,794000000,1000000,100,0,28640.1807,0
4,1,795000000,1000000,100,0,26748.0331,0
4,1,796000000,1000000,100,0,24855.8855,0
4,1,797000000,1000000,100,0,22963.738,0
4,1,798000000,1000000,100,0,21071.5904,0
4,1,799000000,1000000,100,0,19179.4428,0
4,1,800000000,1000000,100,0,17287.2952,0
4,1,801000000,1000000,100,0,15395.1477,0
4,1,802000000,1000000,100,0,13503,0
4,1,803000000,1000000,100,0,11610.8523,0
4,1,804000000,1000000,100,0,9718.70477,0
4,1,805000000,1000000,100,0,7826.55719,0
4,1,806000000,1000000,100,0,5934.40962,0
4,1,807000000,1000000,100,0,4042.26204,0
4,1,808000000,1000000,100,0,2150.11447,0
4,1,809000000,1000000,100,0,83640.9483,0
4,1,810000000,1000000,100,0,228897.734,0
4,1,811000000,1000000,100,0,228344.789,0
4,1,812000000,1000000,100,0,227791.845,0
4,1,813000000,1000000,100,0,227238.9,0
4,1,814000000,1000000,100,0,226685.956,0
4,1,815000000,1000000,100,0,226133.012,0
4,1,816000000,1000000,100,0,225580.067,0
4,1,817000000,1000000,100,0,225027.123,0
4,1,818000000,1000000,100,0,224474.178,0
4,1,819000000,1000000,100,0,223921.234,0
4,1,820000000,1000000,100,0,223368.289,0
4,1,821000000,1000000,100,0,222815.346,0
4,1,822000000,1000000,100,0,222262.4,0
4,1,823000000,1000000,100,0,221709.457,0
4,1,824000000,1000000,100,0,221156.511,0
4,1,825000000,1000000,100,0,220603.568,0
4,1,826000000,1000000,100,0,220050.622,0
4,1,827000000,1000000,100,0,219497.679,0
4,1,828000000,1000000,100,0,218944.734,0
4,1,829000000,1000000,100,0,218391.79,0
4,1,830000000,1000000,100,0,217838.845,0
4,1,831000000,1000000,100,0,217285.901,0
4,1,832000000,1000000,100,0,216732.956,0
4,1,833000000,1000000,100,0,216180.012,0
4,1,834000000,1000000,100,0,215627.068,0
4,1,835000000,1000000,100,0,215074.123,0
4,1,836000000,1000000,100,0,214521.179,0
4,1,837000000,1000000,100,0,213968.234,0
4,1,838000000,1000000,100,0,213415.29,0
4,1,839000000,1000000,100,0,212862.345,0
4,1,840000000,1000000,100,0,212309.402,0
4,1,841000000,1000000,100,0,211756.456,0
4,1,842000000,1000000,100,0,211203.513,0
4,1,843000000,1000000,100,0,210650.567,0
4,1,844000000,1000000,100,0,210097.624,0
4,1,845000000,1000000,100,0,209544.678,0
4,1,846000000,1000000,100,0,208991.735,0
4,1,847000000,1000000,100,0,208438.789,0
4,1,848000000,1000000,100,0,207885.846,0
4,1,849000000,1000000,100,0,207332.901,0
4,1,850000000,1000000,100,0,206779.957,0
4,1,851000000,1000000,100,0,206227.012,0
4,1,852000000,1000000,100,0,205674.068,0
4,1,853000000,1000000,100,0,205121.124,0
4,1,854000000,1000000,100,0,204568.179,0
4,1,855000000,1000000,100,0,204015.235,0
4,1,856000000,1000000,100,0,203462.29,0
4,1,857000000,1000000,100,0,202909.346,0
4,1,858000000,1000000,100,0,202356.4,0
4,1,859000000,1000000,100,0,201803.458,0
4,1,860000000,1000000,100,0,201250.511,0
4,1,861000000,1000000,100,0,200697.569,0
4,1,862000000,1000000,100,0,200144.623,0
4,1,863000000,1000000,100,0,199591.68,0
4,1,864000000,1000000,100,0,199038.734,0
4,1,865000000,1000000,100,0,198485.791,0
4,1,866000000,1000000,100,0,197932.845,0
4,1,867000000,1000000,100,0,197379.901,0
4,1,868000000,1000000,100,0,196826.957,0
4,1,869000000,1000000,100,0,196274.012,0
4,1,870000000,1000000,100,0,195721.068,0
4,1,871000000,1000000,100,0,195168.123,0
4,1,872000000,1000000,100,0,194615.179,0
4,1,873000000,1000000,100,0,194062.234,0
4,1,874000000,1000000,100,0,193509.291,0
4,1,875000000,1000000,100,0,192956.345,0
4,1,876000000,1000000,100,0,192403.402,0
4,1,877000000,1000000,100,0,191850.456,0
4,1,878000000,1000000,100,0,191297.513,0
4,1,879000000,1000000,100,0,190744.567,0
4,1,880000000,1000000,100,0,190191.624,0
4,1,881000000,1000000,100,0,189638.679,0
4,1,882000000,1000000,100,0,189085.735,0
4,1,883000000,1000000,100,0,188532.79,0
4,1,884000000,1000000,100,0,187979.846,0
4,1,885000000,1000000,100,0,187426.901,0
4,1,886000000,1000000,100,0,186873.957,0
4,1,887000000,1000000,100,0,186321.013,0
4,1,888000000,1000000,100,0,185768.068,0
4,1,889000000,1000000,100,0,185215.124,0
4,1,890000000,1000000,100,0,184662.179,0
4,1,891000000,1000000,100,0,184109.235,0
4,1,892000000,1000000,100,0,183556.29,0
4,1,893000000,1000000,100,0,183003.347,0
4,1,894000000,1000000,100,0,182450.401,0
4,1,895000000,1000000,100,0,181897.458,0
4,1,896000000,1000000,100,0,181344.512,0
4,1,897000000,1000000,100,0,180791.569,0
4,1,898000000,1000000,100,0,180238.623,0
4,1,899000000,1000000,100,0,179685.68,0
4,1,900000000,1000000,100,0,179132.735,0
4,1,901000000,1000000,100,0,178579.791,0
4,1,902000000,1000000,100,0,178026.846,0
4,1,903000000,1000000,100,0,177473.902,0
4,1,904000000,1000000,100,0,176920.957,0
4,1,905000000,1000000,100,0,176368.013,0
4,1,906000000,1000000,100,0,175815.069,0
4,1,907000000,1000000,100,0,175262.124,0
4,1,908000000,1000000,100,0,174709.18,0
4,1,909000000,1000000,100,0,174156.235,0
4,1,910000000,1000000,100,0,173603.291,0
4,1,911000000,1000000,100,0,173050.346,0
4,1,912000000,1000000,100,0,172497.403,0
4,1,913000000,1000000,100,0,171944.457,0
4,1,914000000,1000000,100,0,171391.514,0
4,1,915000000,1000000,100,0,170838.568,0
4,1,916000000,1000000,100,0,170285.625,0
4,1,917000000,1000000,100,0,169732.679,0
4,1,918000000,1000000,100,0,169179.736,0
4,1,919000000,1000000,100,0,168626.791,0
4,1,920000000,1000000,100,0,168073.847,0
4,1,921000000,1000000,100,0,167520.902,0
4,1,922000000,1000000,100,0,166967.958,0
4,1,923000000,1000000,100,0,166415.013,0
4,1,924000000,1000000,100,0,165862.069,0
4,1,925000000,1000000,100,0,165309.125,0
4,1,926000000,1000000,100,0,164756.18,0
4,1,927000000,1000000,100,0,164203.236,0
4,1,928000000,1000000,100,0,163650.291,0
4,1,929000000,1000000,100,0,163097.347,0
4,1,930000000,1000000,100,0,162544.402,0
4,1,931000000,1000000,100,0,161991.459,0
4,1,932000000,1000000,100,0,161438.513,0
4,1,933000000,1000000,100,0,160885.57,0
4,1,934000000,1000000,100,0,160332.624,0
4,1,935000000,1000000,100,0,159779.681,0
4,1,936000000,1000000,100,0,159226.735,0
4,1,937000000,1000000,100,0,158673.792,0
4,1,938000000,1000000,100,0,158120.847,0
4,1,939000000,1000000,100,0,157567.903,0
4,1,940000000,1000000,100,0,157014.958,0
4,1,941000000,1000000,100,0,156462.014,0
4,1,942000000,1000000,100,0,155909.069,0
4,1,943000000,1000000,100,0,155356.124,0
4,1,944000000,1000000,100,0,154803.181,0
4,1,945000000,1000000,100,0,154250.235,0
4,1,946000000,1000000,100,0,153697.292,0
4,1,947000000,1000000,100,0,153144.346,0
4,1,948000000,1000000,100,0,152591.403,0
4,1,949000000,1000000,100,0,152038.457,0
4,1,950000000,1000000,100,0,151485.515,0
4,1,951000000,1000000,100,0,150932.568,0
4,1,952000000,1000000,100,0,150379.625,0
4,1,953000000,1000000,100,0,149826.68,0
4,1,954000000,1000000,100,0,149273.736,0
4,1,955000000,1000000,100,0,148720.791,0
4,1,956000000,1000000,100,0,148167.847,0
4,1,957000000,1000000,100,0,147614.902,0
4,1,958000000,1000000,100,0,147061.958,0
4,1,959000000,1000000,100,0,146509.014,0
4,1,960000000,1000000,100,0,145956.069,0
4,1,961000000,1000000,100,0,145403.125,0
4,1,962000000,1000000,100,0,144850.18,0
4,1,963000000,1000000,100,0,144297.237,0
4,1,964000000,1000000,100,0,143744.291,0
4,1,965000000,1000000,100,0,143191.348,0
4,1,966000000,1000000,100,0,142638.402,0
4,1,967000000,1000000,100,0,142085.459,0
4,1,968000000,1000000,100,0,141532.513,0
4,1,969000000,1000000,100,0,140979.57,0
4,1,970000000,1000000,100,0,140426.624,0
4,1,971000000,1000000,100,0,139873.681,0
4,1,972000000,1000000,100,0,139320.736,0
4,1,973000000,1000000,100,0,138767.792,0
4,1,974000000,1000000,100,0,138214.847,0
4,1,975000000,1000000,100,0,137661.903,0
4,1,976000000,1000000,100,0,137108.958,0
4,1,977000000,1000000,100,0,136556.014,0
4,1,978000000,1000000,100,0,136003.07,0
4,1,979000000,1000000,100,0,135450.125,0
4,1,980000000,1000000,100,0,134897.181,0
4,1,981000000,1000000,100,0,134344.236,0
4,1,982000000,1000000,100,0,133791.293,0
4,1,983000000,1000000,100,0,133238.347,0
4,1,984000000,1000000,100,0,132685.404,0
4,1,985000000,1000000,100,0,132132.458,0
4,1,986000000,1000000,100,0,131579.515,0
4,1,987000000,1000000,100,0,131026.569,0
4,1,988000000,1000000,100,0,130473.626,0
4,1,989000000,1000000,100,0,129920.68,0
4,1,990000000,1000000,100,0,129367.737,0
4,1,991000000,1000000,100,0,128814.792,0
4,1,992000000,1000000,100,0,128261.848,0
4,1,993000000,1000000,100,0,127708.903,0
4,1,994000000,1000000,100,0,127155.959,0
4,1,995000000,1000000,100,0,126603.014,0
4,1,996000000,1000000,100,0,126050.07,0
4,1,997000000,1000000,100,0,125497.126,0
4,1,998000000,1000000,100,0,124944.181,0
4,1,999000000,1000000,100,0,124391.237,0
4,1,1000000000,1000000,100,0,123838.292,0
4,1,1001000000,1000000,100,0,123285.348,0
4,1,1002000000,1000000,100,0,122732.403,0
4,1,1003000000,1000000,100,0,122179.46,0
4,1,1004000000,1000000,100,0,121626.514,0
4,1,1005000000,1000000,100,0,121073.571,0
4,1,1006000000,1000000,100,0,120520.625,0
4,1,1007000000,1000000,100,0,119967.682,0
4,1,1008000000,1000000,100,0,119414.736,0
4,1,1009000000,1000000,100,0,118861.793,0
4,1,1010000000,1000000,100,0,118308.848,0
4,1,1011000000,1000000,100,0,117755.904,0
4,1,1012000000,1000000,100,0,117202.959,0
4,1,1013000000,1000000,100,0,116650.015,0
4,1,1014000000,1000000,100,0,116097.07,0
4,1,1015000000,1000000,100,0,115544.126,0
4,1,1016000000,1000000,100,0,114991.182,0
4,1,1017000000,1000000,100,0,114438.237,0
4,1,1018000000,1000000,100,0,113885.293,0
4,1,1019000000,1000000,100,0,113332.347,0
4,1,1020000000,1000000,100,0,112779.404,0
4,1,1021000000,1000000,100,0,112226.458,0
4,1,1022000000,1000000,100,0,111673.516,0
4,1,1023000000,1000000,100,0,111120.57,0
4,1,1024000000,1000000,100,0,110567.627,0
4,1,1025000000,1000000,100,0,110014.681,0
4,1,1026000000,1000000,100,0,109461.738,0
4,1,1027000000,1000000,100,0,108908.792,0
4,1,1028000000,1000000,100,0,108355.848,0
4,1,1029000000,1000000,100,0,107802.904,0
4,1,1030000000,1000000,100,0,107249.959,0
4,1,1031000000,1000000,100,0,106697.015,0
4,1,1032000000,1000000,100,0,106144.07,0
4,1,1033000000,1000000,100,0,105591.126,0
4,1,1034000000,1000000,100,0,105038.181,0
4,1,1035000000,1000000,100,0,104485.238,0
4,1,1036000000,1000000,100,0,103932.292,0
4,1,1037000000,1000000,100,0,103379.349,0
4,1,1038000000,1000000,100,0,102826.403,0
4,1,1039000000,1000000,100,0,102273.46,0
4,1,1040000000,1000000,100,0,101720.514,0
4,1,1041000000,1000000,100,0,101167.571,0
4,1,1042000000,1000000,100,0,100614.625,0
4,1,1043000000,1000000,100,0,100061.682,0
4,1,1044000000,1000000,100,0,99508.7369,0
4,1,1045000000,1000000,100,0,98955.7933,0
4,1,1046000000,1000000,100,0,98402.8482,0
4,1,1047000000,1000000,100,0,97849.9042,0
4,1,1048000000,1000000,100,0,97296.9596,0
4,1,1049000000,1000000,100,0,96744.0152,0
4,1,1050000000,1000000,100,0,96191.0709,0
4,1,1051000000,1000000,100,0,95638.1261,0
4,1,1052000000,1000000,100,0,95085.1823,0
4,1,1053000000,1000000,100,0,94532.2371,0
4,1,1054000000,1000000,100,0,93979.2936,0
4,1,1055000000,1000000,100,0,93426.348,0
4,1,1056000000,1000000,100,0,92873.405,0
4,1,1057000000,1000000,100,0,92320.459,0
4,1,1058000000,1000000,100,0,91767.5162,0
4,1,1059000000,1000000,100,0,91214.5701,0
4,1,1060000000,1000000,100,0,90661.6271,0
4,1,1061000000,1000000,100,0,90108.6815,0
4,1,1062000000,1000000,100,0,89555.7381,0
4,1,1063000000,1000000,100,0,89002.7928,0
4,1,1064000000,1000000,100,0,88449.849,0
4,1,1065000000,1000000,100,0,87896.9042,0
4,1,1066000000,1000000,100,0,87343.96,0
4,1,1067000000,1000000,100,0,86791.0155,0
4,1,1068000000,1000000,100,0,86238.0709,0
4,1,1069000000,1000000,100,0,85685.1269,0
4,1,1070000000,1000000,100,0,85132.1819,0
4,1,1071000000,1000000,100,0,84579.2382,0
4,1,1072000000,1000000,100,0,84026.2928,0
4,1,1073000000,1000000,100,0,83473.3496,0
4,1,1074000000,1000000,100,0,82920.4038,0
4,1,1075000000,1000000,100,0,82367.4609,0
4,1,1076000000,1000000,100,0,81814.5147,0
4,1,1077000000,1000000,100,0,81261.5719,0
4,1,1078000000,1000000,100,0,80708.6261,0
4,1,1079000000,1000000,100,0,80155.6829,0
4,1,1080000000,1000000,100,0,79602.7374,0
4,1,1081000000,1000000,100,0,79049.7938,0
4,1,1082000000,1000000,100,0,78496.8488,0
4,1,1083000000,1000000,100,0,77943.9048,0
4,1,1084000000,1000000,100,0,77390.9601,0
4,1,1085000000,1000000,100,0,76838.0157,0
4,1,1086000000,1000000,100,0,76285.0715,0
4,1,1087000000,1000000,100,0,75732.1267,0
4,1,1088000000,1000000,100,0,75179.1828,0
4,1,1089000000,1000000,100,0,74626.2376,0
4,1,1090000000,1000000,100,0,74073.2942,0
4,1,1091000000,1000000,100,0,73520.3486,0
4,1,1092000000,1000000,100,0,72967.4055,0
4,1,1093000000,1000000,100,0,72414.4595,0
4,1,1094000000,1000000,100,0,71861.5167,0
4,1,1095000000,1000000,100,0,71308.5706,0
4,1,1096000000,1000000,100,0,70755.6277,0
4,1,1097000000,1000000,100,0,70202.682,0
4,1,1098000000,1000000,100,0,69649.7386,0
4,1,1099000000,1000000,100,0,69096.7934,0
4,1,1100000000,1000000,100,0,68543.8496,0
4,1,1101000000,1000000,100,0,67990.9047,0
4,1,1102000000,1000000,100,0,67437.9605,0
4,1,1103000000,1000000,100,0,66885.0161,0
4,1,1104000000,1000000,100,0,66332.0715,0
4,1,1105000000,1000000,100,0,65779.1274,0
4,1,1106000000,1000000,100,0,65226.1824,0
4,1,1107000000,1000000,100,0,64673.2388,0
4,1,1108000000,1000000,100,0,64120.2934,0
4,1,1109000000,1000000,100,0,63567.3501,0
4,1,1110000000,1000000,100,0,63014.4043,0
4,1,1111000000,1000000,100,0,62461.4615,0
4,1,1112000000,1000000,100,0,61908.5153,0
4,1,1113000000,1000000,100,0,61355.5725,0
4,1,1114000000,1000000,100,0,60802.6266,0
4,1,1115000000,1000000,100,0,60249.6834,0
4,1,1116000000,1000000,100,0,59696.738,0
4,1,1117000000,1000000,100,0,59143.7944,0
4,1,1118000000,1000000,100,0,58590.8493,0
4,1,1119000000,1000000,100,0,58037.9053,0
4,1,1120000000,1000000,100,0,57484.9607,0
4,1,1121000000,1000000,100,0,56932.0163,0
4,1,1122000000,1000000,100,0,56379.072,0
4,1,1123000000,1000000,100,0,55826.1272,0
4,1,1124000000,1000000,100,0,55273.1834,0
4,1,1125000000,1000000,100,0,54720.2382,0
4,1,1126000000,1000000,100,0,54167.2947,0
4,1,1127000000,1000000,100,0,53614.3491,0
4,1,1128000000,1000000,100,0,53061.4061,0
4,1,1129000000,1000000,100,0,52508.4601,0
4,1,1130000000,1000000,100,0,51955.5173,0
4,1,1131000000,1000000,100,0,51402.5712,0
4,1,1132000000,1000000,100,0,50849.6282,0
4,1,1133000000,1000000,100,0,50296.6826,0
4,1,1134000000,1000000,100,0,49743.7392,0
4,1,1135000000,1000000,100,0,49190.7939,0
4,1,1136000000,1000000,100,0,48637.8501,0
4,1,1137000000,1000000,100,0,48084.9053,0
4,1,1138000000,1000000,100,0,47531.9611,0
4,1,1139000000,1000000,100,0,46979.0166,0
4,1,1140000000,1000000,100,0,46426.072,0
4,1,1141000000,1000000,100,0,45873.128,0
4,1,1142000000,1000000,100,0,45320.183,0
4,1,1143000000,1000000,100,0,44767.2393,0
4,1,1144000000,1000000,100,0,44214.2939,0
4,1,1145000000,1000000,100,0,43661.3507,0
4,1,1146000000,1000000,100,0,43108.4049,0
4,1,1147000000,1000000,100,0,42555.462,0
4,1,1148000000,1000000,100,0,42002.5158,0
4,1,1149000000,1000000,100,0,41449.573,0
4,1,1150000000,1000000,100,0,40896.6272,0
4,1,1151000000,1000000,100,0,40343.684,0
4,1,1152000000,1000000,100,0,39790.7385,0
4,1,1153000000,1000000,100,0,39237.7949,0
4,1,1154000000,1000000,100,0,38684.8499,0
4,1,1155000000,1000000,100,0,38131.9059,0
4,1,1156000000,1000000,100,0,37578.9612,0
4,1,1157000000,1000000,100,0,37026.0168,0
4,1,1158000000,1000000,100,0,36473.0726,0
4,1,1159000000,1000000,100,0,35920.1278,0
4,1,1160000000,1000000,100,0,35367.1839,0
4,1,1161000000,1000000,100,0,34814.2387,0
4,1,1162000000,1000000,100,0,34261.2953,0
4,1,1163000000,1000000,100,0,33708.3497,0
4,1,1164000000,1000000,100,0,33155.4066,0
4,1,1165000000,1000000,100,0,32602.4606,0
4,1,1166000000,1000000,100,0,32049.5178,0
4,1,1167000000,1000000,100,0,31496.5718,0
4,1,1168000000,1000000,100,0,30943.6288,0
4,1,1169000000,1000000,100,0,30390.6831,0
4,1,1170000000,1000000,100,0,29837.7397,0
4,1,1171000000,1000000,100,0,29284.7945,0
4,1,1172000000,1000000,100,0,28731.8507,0
4,1,1173000000,1000000,100,0,28178.9058,0
4,1,1174000000,1000000,100,0,27625.9616,0
4,1,1175000000,1000000,100,0,27073.0172,0
4,1,1176000000,1000000,100,0,26520.0726,0
4,1,1177000000,1000000,100,0,25967.1285,0
4,1,1178000000,1000000,100,0,25414.1835,0
4,1,1179000000,1000000,100,0,24861.2399,0
4,1,1180000000,1000000,100,0,24308.2945,0
4,1,1181000000,1000000,100,0,23755.3512,0
4,1,1182000000,1000000,100,0,23202.4054,0
4,1,1183000000,1000000,100,0,22649.4626,0
4,1,1184000000,1000000,100,0,22096.5164,0
4,1,1185000000,1000000,100,0,21543.5736,0
4,1,1186000000,1000000,100,0,20990.6277,0
4,1,1187000000,1000000,100,0,20437.6845,0
4,1,1188000000,1000000,100,0,19884.7391,0
4,1,1189000000,1000000,100,0,19331.7955,0
4,1,1190000000,1000000,100,0,18778.8504,0
4,1,1191000000,1000000,100,0,18225.9064,0
4,1,1192000000,1000000,100,0,17672.9618,0
4,1,1193000000,1000000,100,0,17120.0174,0
4,1,1194000000,1000000,100,0,16567.0731,0
4,1,1195000000,1000000,100,0,16014.1283,0
4,1,1196000000,1000000,100,0,15461.1845,0
4,1,1197000000,1000000,100,0,14908.2393,0
4,1,1198000000,1000000,100,0,14355.2958,0
4,1,1199000000,1000000,100,0,13802.3502,0
4,1,1200000000,1000000,100,0,13249.4072,0
4,1,1201000000,1000000,100,0,12696.4612,0
4,1,1202000000,1000000,100,0,12143.5184,0
4,1,1203000000,1000000,100,0,11590.5723,0
4,1,1204000000,1000000,100,0,11037.6293,0
4,1,1205000000,1000000,100,0,10484.6837,0
4,1,1206000000,1000000,100,0,9931.74028,0
4,1,1207000000,1000000,100,0,9378.79502,0
4,1,1208000000,1000000,100,0,8825.85124,0
4,1,1209000000,1000000,100,0,8272.90637,0
4,1,1210000000,1000000,100,0,7719.96219,0
4,1,1211000000,1000000,100,0,7167.01773,0
4,1,1212000000,1000000,100,0,6614.07314,0
4,1,1213000000,1000000,100,0,6061.12908,0
4,1,1214000000,1000000,100,0,5508.18409,0
4,1,1215000000,1000000,100,0,4955.24044,0
4,1,1216000000,1000000,100,0,4402.29504,0
4,1,1217000000,1000000,100,0,3849.35179,0
4,1,1218000000,1000000,100,0,3296.406,0
4,1,1219000000,1000000,100,0,2743.46314,0
4,1,1220000000,1000000,100,0,2190.51695,0
4,1,1221000000,1000000,100,0,1637.57413,0
4,1,1222000000,1000000,100,0,1084.62827,0
4,1,1223000000,1000000,100,0,531.685084,0
4,1,1224000000,1000000,46.336,53.664,58.896256,6576.79152
4,1,1225000000,1000000,0,100,0,6299.531
4,1,1226000000,312704,0,100,0,1211.53102
